--
-- PostgreSQL database dump
--

-- Dumped from database version 16.4
-- Dumped by pg_dump version 16.4

SET statement_timeout = 0;
SET lock_timeout = 0;
SET idle_in_transaction_session_timeout = 0;
SET client_encoding = 'UTF8';
SET standard_conforming_strings = on;
SELECT pg_catalog.set_config('search_path', '', false);
SET check_function_bodies = false;
SET xmloption = content;
SET client_min_messages = warning;
SET row_security = off;

SET default_tablespace = '';

SET default_table_access_method = heap;

--
-- Name: auth_group; Type: TABLE; Schema: public; Owner: postgres
--

CREATE TABLE public.auth_group (
    id integer NOT NULL,
    name character varying(150) NOT NULL
);


ALTER TABLE public.auth_group OWNER TO postgres;

--
-- Name: auth_group_id_seq; Type: SEQUENCE; Schema: public; Owner: postgres
--

ALTER TABLE public.auth_group ALTER COLUMN id ADD GENERATED BY DEFAULT AS IDENTITY (
    SEQUENCE NAME public.auth_group_id_seq
    START WITH 1
    INCREMENT BY 1
    NO MINVALUE
    NO MAXVALUE
    CACHE 1
);


--
-- Name: auth_group_permissions; Type: TABLE; Schema: public; Owner: postgres
--

CREATE TABLE public.auth_group_permissions (
    id bigint NOT NULL,
    group_id integer NOT NULL,
    permission_id integer NOT NULL
);


ALTER TABLE public.auth_group_permissions OWNER TO postgres;

--
-- Name: auth_group_permissions_id_seq; Type: SEQUENCE; Schema: public; Owner: postgres
--

ALTER TABLE public.auth_group_permissions ALTER COLUMN id ADD GENERATED BY DEFAULT AS IDENTITY (
    SEQUENCE NAME public.auth_group_permissions_id_seq
    START WITH 1
    INCREMENT BY 1
    NO MINVALUE
    NO MAXVALUE
    CACHE 1
);


--
-- Name: auth_permission; Type: TABLE; Schema: public; Owner: postgres
--

CREATE TABLE public.auth_permission (
    id integer NOT NULL,
    name character varying(255) NOT NULL,
    content_type_id integer NOT NULL,
    codename character varying(100) NOT NULL
);


ALTER TABLE public.auth_permission OWNER TO postgres;

--
-- Name: auth_permission_id_seq; Type: SEQUENCE; Schema: public; Owner: postgres
--

ALTER TABLE public.auth_permission ALTER COLUMN id ADD GENERATED BY DEFAULT AS IDENTITY (
    SEQUENCE NAME public.auth_permission_id_seq
    START WITH 1
    INCREMENT BY 1
    NO MINVALUE
    NO MAXVALUE
    CACHE 1
);


--
-- Name: auth_user; Type: TABLE; Schema: public; Owner: postgres
--

CREATE TABLE public.auth_user (
    id integer NOT NULL,
    password character varying(128) NOT NULL,
    last_login timestamp with time zone,
    is_superuser boolean NOT NULL,
    username character varying(150) NOT NULL,
    first_name character varying(150) NOT NULL,
    last_name character varying(150) NOT NULL,
    email character varying(254) NOT NULL,
    is_staff boolean NOT NULL,
    is_active boolean NOT NULL,
    date_joined timestamp with time zone NOT NULL
);


ALTER TABLE public.auth_user OWNER TO postgres;

--
-- Name: auth_user_groups; Type: TABLE; Schema: public; Owner: postgres
--

CREATE TABLE public.auth_user_groups (
    id bigint NOT NULL,
    user_id integer NOT NULL,
    group_id integer NOT NULL
);


ALTER TABLE public.auth_user_groups OWNER TO postgres;

--
-- Name: auth_user_groups_id_seq; Type: SEQUENCE; Schema: public; Owner: postgres
--

ALTER TABLE public.auth_user_groups ALTER COLUMN id ADD GENERATED BY DEFAULT AS IDENTITY (
    SEQUENCE NAME public.auth_user_groups_id_seq
    START WITH 1
    INCREMENT BY 1
    NO MINVALUE
    NO MAXVALUE
    CACHE 1
);


--
-- Name: auth_user_id_seq; Type: SEQUENCE; Schema: public; Owner: postgres
--

ALTER TABLE public.auth_user ALTER COLUMN id ADD GENERATED BY DEFAULT AS IDENTITY (
    SEQUENCE NAME public.auth_user_id_seq
    START WITH 1
    INCREMENT BY 1
    NO MINVALUE
    NO MAXVALUE
    CACHE 1
);


--
-- Name: auth_user_user_permissions; Type: TABLE; Schema: public; Owner: postgres
--

CREATE TABLE public.auth_user_user_permissions (
    id bigint NOT NULL,
    user_id integer NOT NULL,
    permission_id integer NOT NULL
);


ALTER TABLE public.auth_user_user_permissions OWNER TO postgres;

--
-- Name: auth_user_user_permissions_id_seq; Type: SEQUENCE; Schema: public; Owner: postgres
--

ALTER TABLE public.auth_user_user_permissions ALTER COLUMN id ADD GENERATED BY DEFAULT AS IDENTITY (
    SEQUENCE NAME public.auth_user_user_permissions_id_seq
    START WITH 1
    INCREMENT BY 1
    NO MINVALUE
    NO MAXVALUE
    CACHE 1
);


--
-- Name: django_admin_log; Type: TABLE; Schema: public; Owner: postgres
--

CREATE TABLE public.django_admin_log (
    id integer NOT NULL,
    action_time timestamp with time zone NOT NULL,
    object_id text,
    object_repr character varying(200) NOT NULL,
    action_flag smallint NOT NULL,
    change_message text NOT NULL,
    content_type_id integer,
    user_id integer NOT NULL,
    CONSTRAINT django_admin_log_action_flag_check CHECK ((action_flag >= 0))
);


ALTER TABLE public.django_admin_log OWNER TO postgres;

--
-- Name: django_admin_log_id_seq; Type: SEQUENCE; Schema: public; Owner: postgres
--

ALTER TABLE public.django_admin_log ALTER COLUMN id ADD GENERATED BY DEFAULT AS IDENTITY (
    SEQUENCE NAME public.django_admin_log_id_seq
    START WITH 1
    INCREMENT BY 1
    NO MINVALUE
    NO MAXVALUE
    CACHE 1
);


--
-- Name: django_content_type; Type: TABLE; Schema: public; Owner: postgres
--

CREATE TABLE public.django_content_type (
    id integer NOT NULL,
    app_label character varying(100) NOT NULL,
    model character varying(100) NOT NULL
);


ALTER TABLE public.django_content_type OWNER TO postgres;

--
-- Name: django_content_type_id_seq; Type: SEQUENCE; Schema: public; Owner: postgres
--

ALTER TABLE public.django_content_type ALTER COLUMN id ADD GENERATED BY DEFAULT AS IDENTITY (
    SEQUENCE NAME public.django_content_type_id_seq
    START WITH 1
    INCREMENT BY 1
    NO MINVALUE
    NO MAXVALUE
    CACHE 1
);


--
-- Name: django_fsm_log_statelog; Type: TABLE; Schema: public; Owner: postgres
--

CREATE TABLE public.django_fsm_log_statelog (
    id bigint NOT NULL,
    "timestamp" timestamp with time zone NOT NULL,
    state character varying(255) NOT NULL,
    transition character varying(255) NOT NULL,
    object_id integer NOT NULL,
    by_id integer,
    content_type_id integer NOT NULL,
    description text,
    source_state character varying(255),
    CONSTRAINT django_fsm_log_statelog_object_id_check CHECK ((object_id >= 0))
);


ALTER TABLE public.django_fsm_log_statelog OWNER TO postgres;

--
-- Name: django_fsm_log_statelog_id_seq; Type: SEQUENCE; Schema: public; Owner: postgres
--

ALTER TABLE public.django_fsm_log_statelog ALTER COLUMN id ADD GENERATED BY DEFAULT AS IDENTITY (
    SEQUENCE NAME public.django_fsm_log_statelog_id_seq
    START WITH 1
    INCREMENT BY 1
    NO MINVALUE
    NO MAXVALUE
    CACHE 1
);


--
-- Name: django_migrations; Type: TABLE; Schema: public; Owner: postgres
--

CREATE TABLE public.django_migrations (
    id bigint NOT NULL,
    app character varying(255) NOT NULL,
    name character varying(255) NOT NULL,
    applied timestamp with time zone NOT NULL
);


ALTER TABLE public.django_migrations OWNER TO postgres;

--
-- Name: django_migrations_id_seq; Type: SEQUENCE; Schema: public; Owner: postgres
--

ALTER TABLE public.django_migrations ALTER COLUMN id ADD GENERATED BY DEFAULT AS IDENTITY (
    SEQUENCE NAME public.django_migrations_id_seq
    START WITH 1
    INCREMENT BY 1
    NO MINVALUE
    NO MAXVALUE
    CACHE 1
);


--
-- Name: django_session; Type: TABLE; Schema: public; Owner: postgres
--

CREATE TABLE public.django_session (
    session_key character varying(40) NOT NULL,
    session_data text NOT NULL,
    expire_date timestamp with time zone NOT NULL
);


ALTER TABLE public.django_session OWNER TO postgres;

--
-- Name: employers; Type: TABLE; Schema: public; Owner: postgres
--

CREATE TABLE public.employers (
    id bigint NOT NULL,
    party_role_id integer NOT NULL,
    nssf_no character varying(255) NOT NULL,
    employer_name character varying(255) NOT NULL,
    registry_dt date,
    party_role_type_descr character varying(255) NOT NULL
);


ALTER TABLE public.employers OWNER TO postgres;

--
-- Name: employers_id_seq; Type: SEQUENCE; Schema: public; Owner: postgres
--

ALTER TABLE public.employers ALTER COLUMN id ADD GENERATED BY DEFAULT AS IDENTITY (
    SEQUENCE NAME public.employers_id_seq
    START WITH 1
    INCREMENT BY 1
    NO MINVALUE
    NO MAXVALUE
    CACHE 1
);


--
-- Name: feedbackapp_feedback; Type: TABLE; Schema: public; Owner: postgres
--

CREATE TABLE public.feedbackapp_feedback (
    id bigint NOT NULL,
    feedback_type character varying(255) NOT NULL,
    rating integer NOT NULL
);


ALTER TABLE public.feedbackapp_feedback OWNER TO postgres;

--
-- Name: feedbackapp_feedback_id_seq; Type: SEQUENCE; Schema: public; Owner: postgres
--

ALTER TABLE public.feedbackapp_feedback ALTER COLUMN id ADD GENERATED BY DEFAULT AS IDENTITY (
    SEQUENCE NAME public.feedbackapp_feedback_id_seq
    START WITH 1
    INCREMENT BY 1
    NO MINVALUE
    NO MAXVALUE
    CACHE 1
);


--
-- Name: feedbackapp_jotfeedback; Type: TABLE; Schema: public; Owner: postgres
--

CREATE TABLE public.feedbackapp_jotfeedback (
    id bigint NOT NULL,
    nps_rating integer NOT NULL,
    fcr_resolved character varying(3),
    ces_easy character varying(3),
    overall_satisfaction character varying(3),
    additional_comments text NOT NULL,
    first_name character varying(255),
    yourphone character varying(255),
    csobranch character varying(255),
    csoname character varying(255),
    tstamp character varying(255),
    created_at timestamp with time zone NOT NULL
);


ALTER TABLE public.feedbackapp_jotfeedback OWNER TO postgres;

--
-- Name: feedbackapp_jotfeedback_id_seq; Type: SEQUENCE; Schema: public; Owner: postgres
--

ALTER TABLE public.feedbackapp_jotfeedback ALTER COLUMN id ADD GENERATED BY DEFAULT AS IDENTITY (
    SEQUENCE NAME public.feedbackapp_jotfeedback_id_seq
    START WITH 1
    INCREMENT BY 1
    NO MINVALUE
    NO MAXVALUE
    CACHE 1
);


--
-- Name: fliteracyapp_attachment; Type: TABLE; Schema: public; Owner: postgres
--

CREATE TABLE public.fliteracyapp_attachment (
    id bigint NOT NULL,
    file character varying(100) NOT NULL,
    fl_event_id bigint
);


ALTER TABLE public.fliteracyapp_attachment OWNER TO postgres;

--
-- Name: fliteracyapp_attachment_id_seq; Type: SEQUENCE; Schema: public; Owner: postgres
--

ALTER TABLE public.fliteracyapp_attachment ALTER COLUMN id ADD GENERATED BY DEFAULT AS IDENTITY (
    SEQUENCE NAME public.fliteracyapp_attachment_id_seq
    START WITH 1
    INCREMENT BY 1
    NO MINVALUE
    NO MAXVALUE
    CACHE 1
);


--
-- Name: fliteracyapp_fl_attendants; Type: TABLE; Schema: public; Owner: postgres
--

CREATE TABLE public.fliteracyapp_fl_attendants (
    id bigint NOT NULL,
    name character varying(100) NOT NULL,
    nssf_number character varying(20) NOT NULL,
    event_name character varying(100) NOT NULL,
    event_date date NOT NULL
);


ALTER TABLE public.fliteracyapp_fl_attendants OWNER TO postgres;

--
-- Name: fliteracyapp_fl_attendants_id_seq; Type: SEQUENCE; Schema: public; Owner: postgres
--

ALTER TABLE public.fliteracyapp_fl_attendants ALTER COLUMN id ADD GENERATED BY DEFAULT AS IDENTITY (
    SEQUENCE NAME public.fliteracyapp_fl_attendants_id_seq
    START WITH 1
    INCREMENT BY 1
    NO MINVALUE
    NO MAXVALUE
    CACHE 1
);


--
-- Name: fliteracyapp_fl_event; Type: TABLE; Schema: public; Owner: postgres
--

CREATE TABLE public.fliteracyapp_fl_event (
    id bigint NOT NULL,
    event_name character varying(100) NOT NULL,
    event_date date NOT NULL,
    employer character varying(100),
    employer_number character varying(100),
    fl_advisors_involved character varying(72),
    contact_person character varying(100),
    designation character varying(100),
    contact_phone character varying(100),
    contact_email character varying(254),
    program character varying(100),
    delivery_mode character varying(100),
    on_spot_feedback boolean NOT NULL
);


ALTER TABLE public.fliteracyapp_fl_event OWNER TO postgres;

--
-- Name: fliteracyapp_fl_event_id_seq; Type: SEQUENCE; Schema: public; Owner: postgres
--

ALTER TABLE public.fliteracyapp_fl_event ALTER COLUMN id ADD GENERATED BY DEFAULT AS IDENTITY (
    SEQUENCE NAME public.fliteracyapp_fl_event_id_seq
    START WITH 1
    INCREMENT BY 1
    NO MINVALUE
    NO MAXVALUE
    CACHE 1
);


--
-- Name: fliteracyapp_fl_event_rms_involved; Type: TABLE; Schema: public; Owner: postgres
--

CREATE TABLE public.fliteracyapp_fl_event_rms_involved (
    id bigint NOT NULL,
    fl_event_id bigint NOT NULL,
    user_id integer NOT NULL
);


ALTER TABLE public.fliteracyapp_fl_event_rms_involved OWNER TO postgres;

--
-- Name: fliteracyapp_fl_event_rms_involved_id_seq; Type: SEQUENCE; Schema: public; Owner: postgres
--

ALTER TABLE public.fliteracyapp_fl_event_rms_involved ALTER COLUMN id ADD GENERATED BY DEFAULT AS IDENTITY (
    SEQUENCE NAME public.fliteracyapp_fl_event_rms_involved_id_seq
    START WITH 1
    INCREMENT BY 1
    NO MINVALUE
    NO MAXVALUE
    CACHE 1
);


--
-- Name: fliteracyapp_nssfmember; Type: TABLE; Schema: public; Owner: postgres
--

CREATE TABLE public.fliteracyapp_nssfmember (
    id bigint NOT NULL,
    name character varying(200) NOT NULL,
    nssf_number character varying(50) NOT NULL,
    employer character varying(200) NOT NULL,
    employer_number character varying(50) NOT NULL,
    phone character varying(300) NOT NULL,
    email character varying(254) NOT NULL,
    date_of_birth date NOT NULL,
    mothers_name character varying(200) NOT NULL,
    fathers_name character varying(200) NOT NULL
);


ALTER TABLE public.fliteracyapp_nssfmember OWNER TO postgres;

--
-- Name: fliteracyapp_nssfmember_id_seq; Type: SEQUENCE; Schema: public; Owner: postgres
--

ALTER TABLE public.fliteracyapp_nssfmember ALTER COLUMN id ADD GENERATED BY DEFAULT AS IDENTITY (
    SEQUENCE NAME public.fliteracyapp_nssfmember_id_seq
    START WITH 1
    INCREMENT BY 1
    NO MINVALUE
    NO MAXVALUE
    CACHE 1
);


--
-- Name: schoolapp_student; Type: TABLE; Schema: public; Owner: postgres
--

CREATE TABLE public.schoolapp_student (
    id bigint NOT NULL,
    first_name character varying(100) NOT NULL,
    second_name character varying(100) NOT NULL,
    other_name character varying(100) NOT NULL,
    student_number character varying(20) NOT NULL,
    date_of_birth date NOT NULL,
    gender character varying(1) NOT NULL
);


ALTER TABLE public.schoolapp_student OWNER TO postgres;

--
-- Name: schoolapp_student_id_seq; Type: SEQUENCE; Schema: public; Owner: postgres
--

ALTER TABLE public.schoolapp_student ALTER COLUMN id ADD GENERATED BY DEFAULT AS IDENTITY (
    SEQUENCE NAME public.schoolapp_student_id_seq
    START WITH 1
    INCREMENT BY 1
    NO MINVALUE
    NO MAXVALUE
    CACHE 1
);


--
-- Name: workflowapp_attachment; Type: TABLE; Schema: public; Owner: postgres
--

CREATE TABLE public.workflowapp_attachment (
    id bigint NOT NULL,
    file character varying(100) NOT NULL,
    engagement_id bigint,
    forclosure_id bigint,
    generalcase_id bigint
);


ALTER TABLE public.workflowapp_attachment OWNER TO postgres;

--
-- Name: workflowapp_attachment_id_seq; Type: SEQUENCE; Schema: public; Owner: postgres
--

ALTER TABLE public.workflowapp_attachment ALTER COLUMN id ADD GENERATED BY DEFAULT AS IDENTITY (
    SEQUENCE NAME public.workflowapp_attachment_id_seq
    START WITH 1
    INCREMENT BY 1
    NO MINVALUE
    NO MAXVALUE
    CACHE 1
);


--
-- Name: workflowapp_engagement; Type: TABLE; Schema: public; Owner: postgres
--

CREATE TABLE public.workflowapp_engagement (
    id bigint NOT NULL,
    created_at timestamp with time zone NOT NULL,
    employer_name character varying(130) NOT NULL,
    nssf_no character varying(130) NOT NULL,
    activity_done character varying(132) NOT NULL,
    remark text NOT NULL,
    user_id integer NOT NULL,
    action_date date,
    reviewer_id integer,
    state character varying(50) NOT NULL,
    modified_at timestamp with time zone,
    comment text NOT NULL,
    reason_for_non_compliance character varying(50),
    main_activity character varying(100)
);


ALTER TABLE public.workflowapp_engagement OWNER TO postgres;

--
-- Name: workflowapp_engagement_id_seq; Type: SEQUENCE; Schema: public; Owner: postgres
--

ALTER TABLE public.workflowapp_engagement ALTER COLUMN id ADD GENERATED BY DEFAULT AS IDENTITY (
    SEQUENCE NAME public.workflowapp_engagement_id_seq
    START WITH 1
    INCREMENT BY 1
    NO MINVALUE
    NO MAXVALUE
    CACHE 1
);


--
-- Name: workflowapp_engagementlog; Type: TABLE; Schema: public; Owner: postgres
--

CREATE TABLE public.workflowapp_engagementlog (
    id bigint NOT NULL,
    remark text NOT NULL,
    action character varying(255) NOT NULL,
    model_id bigint NOT NULL,
    user_id integer NOT NULL,
    created_at timestamp with time zone
);


ALTER TABLE public.workflowapp_engagementlog OWNER TO postgres;

--
-- Name: workflowapp_engagementlog_id_seq; Type: SEQUENCE; Schema: public; Owner: postgres
--

ALTER TABLE public.workflowapp_engagementlog ALTER COLUMN id ADD GENERATED BY DEFAULT AS IDENTITY (
    SEQUENCE NAME public.workflowapp_engagementlog_id_seq
    START WITH 1
    INCREMENT BY 1
    NO MINVALUE
    NO MAXVALUE
    CACHE 1
);


--
-- Name: workflowapp_feedback3; Type: TABLE; Schema: public; Owner: postgres
--

CREATE TABLE public.workflowapp_feedback3 (
    id bigint NOT NULL,
    rating integer NOT NULL
);


ALTER TABLE public.workflowapp_feedback3 OWNER TO postgres;

--
-- Name: workflowapp_feedback3_id_seq; Type: SEQUENCE; Schema: public; Owner: postgres
--

ALTER TABLE public.workflowapp_feedback3 ALTER COLUMN id ADD GENERATED BY DEFAULT AS IDENTITY (
    SEQUENCE NAME public.workflowapp_feedback3_id_seq
    START WITH 1
    INCREMENT BY 1
    NO MINVALUE
    NO MAXVALUE
    CACHE 1
);


--
-- Name: workflowapp_feedback4; Type: TABLE; Schema: public; Owner: postgres
--

CREATE TABLE public.workflowapp_feedback4 (
    id bigint NOT NULL,
    rating integer NOT NULL,
    created_at timestamp with time zone NOT NULL,
    additional_comments text NOT NULL,
    ces_easy integer,
    fcr_resolved boolean,
    overall_satisfaction integer
);


ALTER TABLE public.workflowapp_feedback4 OWNER TO postgres;

--
-- Name: workflowapp_feedback4_id_seq; Type: SEQUENCE; Schema: public; Owner: postgres
--

ALTER TABLE public.workflowapp_feedback4 ALTER COLUMN id ADD GENERATED BY DEFAULT AS IDENTITY (
    SEQUENCE NAME public.workflowapp_feedback4_id_seq
    START WITH 1
    INCREMENT BY 1
    NO MINVALUE
    NO MAXVALUE
    CACHE 1
);


--
-- Name: workflowapp_forclosure; Type: TABLE; Schema: public; Owner: postgres
--

CREATE TABLE public.workflowapp_forclosure (
    id bigint NOT NULL,
    state character varying(50) NOT NULL,
    created_at timestamp with time zone NOT NULL,
    updated_at timestamp with time zone,
    employer_name character varying(130) NOT NULL,
    nssf_no character varying(130) NOT NULL,
    reason character varying(30) NOT NULL,
    review_comment text NOT NULL,
    next_action_user_id integer,
    reviewer_id integer NOT NULL,
    user_id integer NOT NULL,
    remark text NOT NULL
);


ALTER TABLE public.workflowapp_forclosure OWNER TO postgres;

--
-- Name: workflowapp_forclosure_id_seq; Type: SEQUENCE; Schema: public; Owner: postgres
--

ALTER TABLE public.workflowapp_forclosure ALTER COLUMN id ADD GENERATED BY DEFAULT AS IDENTITY (
    SEQUENCE NAME public.workflowapp_forclosure_id_seq
    START WITH 1
    INCREMENT BY 1
    NO MINVALUE
    NO MAXVALUE
    CACHE 1
);


--
-- Name: workflowapp_forclosurelog; Type: TABLE; Schema: public; Owner: postgres
--

CREATE TABLE public.workflowapp_forclosurelog (
    id bigint NOT NULL,
    review_comment text NOT NULL,
    action character varying(255) NOT NULL,
    created_at timestamp with time zone NOT NULL,
    model_id bigint NOT NULL,
    user_id integer NOT NULL
);


ALTER TABLE public.workflowapp_forclosurelog OWNER TO postgres;

--
-- Name: workflowapp_forclosurelog_id_seq; Type: SEQUENCE; Schema: public; Owner: postgres
--

ALTER TABLE public.workflowapp_forclosurelog ALTER COLUMN id ADD GENERATED BY DEFAULT AS IDENTITY (
    SEQUENCE NAME public.workflowapp_forclosurelog_id_seq
    START WITH 1
    INCREMENT BY 1
    NO MINVALUE
    NO MAXVALUE
    CACHE 1
);


--
-- Name: workflowapp_generalcase; Type: TABLE; Schema: public; Owner: postgres
--

CREATE TABLE public.workflowapp_generalcase (
    id bigint NOT NULL,
    state character varying(50) NOT NULL,
    created_at timestamp with time zone NOT NULL,
    modified_at timestamp with time zone,
    subject character varying(130) NOT NULL,
    action_date timestamp with time zone NOT NULL,
    any_other_info character varying(130) NOT NULL,
    remark text NOT NULL,
    comment text NOT NULL,
    reviewer_id integer,
    user_id integer NOT NULL
);


ALTER TABLE public.workflowapp_generalcase OWNER TO postgres;

--
-- Name: workflowapp_generalcase_id_seq; Type: SEQUENCE; Schema: public; Owner: postgres
--

ALTER TABLE public.workflowapp_generalcase ALTER COLUMN id ADD GENERATED BY DEFAULT AS IDENTITY (
    SEQUENCE NAME public.workflowapp_generalcase_id_seq
    START WITH 1
    INCREMENT BY 1
    NO MINVALUE
    NO MAXVALUE
    CACHE 1
);


--
-- Name: workflowapp_generalcaselog; Type: TABLE; Schema: public; Owner: postgres
--

CREATE TABLE public.workflowapp_generalcaselog (
    id bigint NOT NULL,
    remark text NOT NULL,
    action character varying(255) NOT NULL,
    created_at timestamp with time zone,
    model_id bigint NOT NULL,
    user_id integer NOT NULL
);


ALTER TABLE public.workflowapp_generalcaselog OWNER TO postgres;

--
-- Name: workflowapp_generalcaselog_id_seq; Type: SEQUENCE; Schema: public; Owner: postgres
--

ALTER TABLE public.workflowapp_generalcaselog ALTER COLUMN id ADD GENERATED BY DEFAULT AS IDENTITY (
    SEQUENCE NAME public.workflowapp_generalcaselog_id_seq
    START WITH 1
    INCREMENT BY 1
    NO MINVALUE
    NO MAXVALUE
    CACHE 1
);


--
-- Name: workflowapp_getfeedback; Type: TABLE; Schema: public; Owner: postgres
--

CREATE TABLE public.workflowapp_getfeedback (
    id bigint NOT NULL,
    fcr_resolved boolean,
    nps_rating integer,
    ces_easy boolean,
    overall_satisfaction boolean,
    additional_comments text
);


ALTER TABLE public.workflowapp_getfeedback OWNER TO postgres;

--
-- Name: workflowapp_getfeedback_id_seq; Type: SEQUENCE; Schema: public; Owner: postgres
--

ALTER TABLE public.workflowapp_getfeedback ALTER COLUMN id ADD GENERATED BY DEFAULT AS IDENTITY (
    SEQUENCE NAME public.workflowapp_getfeedback_id_seq
    START WITH 1
    INCREMENT BY 1
    NO MINVALUE
    NO MAXVALUE
    CACHE 1
);


--
-- Name: workflowapp_jotfeedback; Type: TABLE; Schema: public; Owner: postgres
--

CREATE TABLE public.workflowapp_jotfeedback (
    id bigint NOT NULL,
    nps_rating integer NOT NULL,
    fcr_resolved character varying(3),
    ces_easy character varying(3),
    overall_satisfaction character varying(3),
    additional_comments text NOT NULL,
    first_name character varying(255) NOT NULL,
    yourphone character varying(255) NOT NULL,
    csobranch character varying(255) NOT NULL,
    csoname character varying(255) NOT NULL,
    tstamp integer NOT NULL,
    created_at timestamp with time zone NOT NULL
);


ALTER TABLE public.workflowapp_jotfeedback OWNER TO postgres;

--
-- Name: workflowapp_jotfeedback_id_seq; Type: SEQUENCE; Schema: public; Owner: postgres
--

ALTER TABLE public.workflowapp_jotfeedback ALTER COLUMN id ADD GENERATED BY DEFAULT AS IDENTITY (
    SEQUENCE NAME public.workflowapp_jotfeedback_id_seq
    START WITH 1
    INCREMENT BY 1
    NO MINVALUE
    NO MAXVALUE
    CACHE 1
);


--
-- Name: workflowapp_mapped_employers; Type: TABLE; Schema: public; Owner: postgres
--

CREATE TABLE public.workflowapp_mapped_employers (
    id bigint NOT NULL,
    nssf_no character varying(20) NOT NULL,
    employer_name character varying(300) NOT NULL,
    latitude double precision NOT NULL,
    longitude double precision NOT NULL
);


ALTER TABLE public.workflowapp_mapped_employers OWNER TO postgres;

--
-- Name: workflowapp_mapped_employers_id_seq; Type: SEQUENCE; Schema: public; Owner: postgres
--

ALTER TABLE public.workflowapp_mapped_employers ALTER COLUMN id ADD GENERATED BY DEFAULT AS IDENTITY (
    SEQUENCE NAME public.workflowapp_mapped_employers_id_seq
    START WITH 1
    INCREMENT BY 1
    NO MINVALUE
    NO MAXVALUE
    CACHE 1
);


--
-- Name: workflowapp_outbound; Type: TABLE; Schema: public; Owner: postgres
--

CREATE TABLE public.workflowapp_outbound (
    id bigint NOT NULL,
    channel character varying(100) NOT NULL,
    customer_name character varying(100),
    customer_contact character varying(15),
    nssf_number character varying(20),
    nps integer,
    fcr_resolved integer,
    ces_easy integer,
    overall_satisfaction integer,
    additional_comments text NOT NULL,
    created_at timestamp with time zone NOT NULL,
    served_by_id integer NOT NULL,
    user_id integer NOT NULL,
    back_office_reasons character varying(100),
    branch character varying(100),
    front_office_reasons character varying(100),
    reason_for_visit character varying(100),
    verbatim_rating text,
    call_closure integer,
    emotional_connection integer,
    greeting_and_enthusiasm integer,
    hold_procedure integer,
    resolution_and_professionalism integer,
    zero_rated boolean NOT NULL
);


ALTER TABLE public.workflowapp_outbound OWNER TO postgres;

--
-- Name: workflowapp_outbound_id_seq; Type: SEQUENCE; Schema: public; Owner: postgres
--

ALTER TABLE public.workflowapp_outbound ALTER COLUMN id ADD GENERATED BY DEFAULT AS IDENTITY (
    SEQUENCE NAME public.workflowapp_outbound_id_seq
    START WITH 1
    INCREMENT BY 1
    NO MINVALUE
    NO MAXVALUE
    CACHE 1
);


--
-- Name: workflowapp_rating; Type: TABLE; Schema: public; Owner: postgres
--

CREATE TABLE public.workflowapp_rating (
    id bigint NOT NULL,
    value integer NOT NULL
);


ALTER TABLE public.workflowapp_rating OWNER TO postgres;

--
-- Name: workflowapp_rating_id_seq; Type: SEQUENCE; Schema: public; Owner: postgres
--

ALTER TABLE public.workflowapp_rating ALTER COLUMN id ADD GENERATED BY DEFAULT AS IDENTITY (
    SEQUENCE NAME public.workflowapp_rating_id_seq
    START WITH 1
    INCREMENT BY 1
    NO MINVALUE
    NO MAXVALUE
    CACHE 1
);


--
-- Name: workflowapp_traffic; Type: TABLE; Schema: public; Owner: postgres
--

CREATE TABLE public.workflowapp_traffic (
    id bigint NOT NULL,
    contact_date date NOT NULL,
    nssf_number character varying(20) NOT NULL,
    channel character varying(100) NOT NULL,
    first_name character varying(50) NOT NULL,
    last_name character varying(50) NOT NULL,
    reason text NOT NULL,
    served_by character varying(50) NOT NULL,
    email character varying(254) NOT NULL,
    phone character varying(15) NOT NULL
);


ALTER TABLE public.workflowapp_traffic OWNER TO postgres;

--
-- Name: workflowapp_traffic_id_seq; Type: SEQUENCE; Schema: public; Owner: postgres
--

ALTER TABLE public.workflowapp_traffic ALTER COLUMN id ADD GENERATED BY DEFAULT AS IDENTITY (
    SEQUENCE NAME public.workflowapp_traffic_id_seq
    START WITH 1
    INCREMENT BY 1
    NO MINVALUE
    NO MAXVALUE
    CACHE 1
);


--
-- Data for Name: auth_group; Type: TABLE DATA; Schema: public; Owner: postgres
--

COPY public.auth_group (id, name) FROM stdin;
\.


--
-- Data for Name: auth_group_permissions; Type: TABLE DATA; Schema: public; Owner: postgres
--

COPY public.auth_group_permissions (id, group_id, permission_id) FROM stdin;
\.


--
-- Data for Name: auth_permission; Type: TABLE DATA; Schema: public; Owner: postgres
--

COPY public.auth_permission (id, name, content_type_id, codename) FROM stdin;
1	Can add log entry	1	add_logentry
2	Can change log entry	1	change_logentry
3	Can delete log entry	1	delete_logentry
4	Can view log entry	1	view_logentry
5	Can add permission	2	add_permission
6	Can change permission	2	change_permission
7	Can delete permission	2	delete_permission
8	Can view permission	2	view_permission
9	Can add group	3	add_group
10	Can change group	3	change_group
11	Can delete group	3	delete_group
12	Can view group	3	view_group
13	Can add user	4	add_user
14	Can change user	4	change_user
15	Can delete user	4	delete_user
16	Can view user	4	view_user
17	Can add content type	5	add_contenttype
18	Can change content type	5	change_contenttype
19	Can delete content type	5	delete_contenttype
20	Can view content type	5	view_contenttype
21	Can add session	6	add_session
22	Can change session	6	change_session
23	Can delete session	6	delete_session
24	Can view session	6	view_session
25	Can add employer	7	add_employer
26	Can change employer	7	change_employer
27	Can delete employer	7	delete_employer
28	Can view employer	7	view_employer
29	Can add forclosure	8	add_forclosure
30	Can change forclosure	8	change_forclosure
31	Can delete forclosure	8	delete_forclosure
32	Can view forclosure	8	view_forclosure
33	Can add forclosure log	9	add_forclosurelog
34	Can change forclosure log	9	change_forclosurelog
35	Can delete forclosure log	9	delete_forclosurelog
36	Can view forclosure log	9	view_forclosurelog
37	Can add engagement	10	add_engagement
38	Can change engagement	10	change_engagement
39	Can delete engagement	10	delete_engagement
40	Can view engagement	10	view_engagement
41	Can add attachment	11	add_attachment
42	Can change attachment	11	change_attachment
43	Can delete attachment	11	delete_attachment
44	Can view attachment	11	view_attachment
45	Can add engagement log	12	add_engagementlog
46	Can change engagement log	12	change_engagementlog
47	Can delete engagement log	12	delete_engagementlog
48	Can view engagement log	12	view_engagementlog
49	Can add generalcase	13	add_generalcase
50	Can change generalcase	13	change_generalcase
51	Can delete generalcase	13	delete_generalcase
52	Can view generalcase	13	view_generalcase
53	Can add generalcase log	14	add_generalcaselog
54	Can change generalcase log	14	change_generalcaselog
55	Can delete generalcase log	14	delete_generalcaselog
56	Can view generalcase log	14	view_generalcaselog
57	Can add rating	15	add_rating
58	Can change rating	15	change_rating
59	Can delete rating	15	delete_rating
60	Can view rating	15	view_rating
61	Can add getfeedback	16	add_getfeedback
62	Can change getfeedback	16	change_getfeedback
63	Can delete getfeedback	16	delete_getfeedback
64	Can view getfeedback	16	view_getfeedback
65	Can add feedback3	17	add_feedback3
66	Can change feedback3	17	change_feedback3
67	Can delete feedback3	17	delete_feedback3
68	Can view feedback3	17	view_feedback3
69	Can add feedback4	18	add_feedback4
70	Can change feedback4	18	change_feedback4
71	Can delete feedback4	18	delete_feedback4
72	Can view feedback4	18	view_feedback4
73	Can add traffic	19	add_traffic
74	Can change traffic	19	change_traffic
75	Can delete traffic	19	delete_traffic
76	Can view traffic	19	view_traffic
77	Can add outbound	20	add_outbound
78	Can change outbound	20	change_outbound
79	Can delete outbound	20	delete_outbound
80	Can view outbound	20	view_outbound
81	Can add mapped_employers	21	add_mapped_employers
82	Can change mapped_employers	21	change_mapped_employers
83	Can delete mapped_employers	21	delete_mapped_employers
84	Can view mapped_employers	21	view_mapped_employers
85	Can add jot feedback	22	add_jotfeedback
86	Can change jot feedback	22	change_jotfeedback
87	Can delete jot feedback	22	delete_jotfeedback
88	Can view jot feedback	22	view_jotfeedback
89	Can add feedback	23	add_feedback
90	Can change feedback	23	change_feedback
91	Can delete feedback	23	delete_feedback
92	Can view feedback	23	view_feedback
93	Can add jot feedback	24	add_jotfeedback
94	Can change jot feedback	24	change_jotfeedback
95	Can delete jot feedback	24	delete_jotfeedback
96	Can view jot feedback	24	view_jotfeedback
97	Can add student	25	add_student
98	Can change student	25	change_student
99	Can delete student	25	delete_student
100	Can view student	25	view_student
101	Can add nssfmember	26	add_nssfmember
102	Can change nssfmember	26	change_nssfmember
103	Can delete nssfmember	26	delete_nssfmember
104	Can view nssfmember	26	view_nssfmember
105	Can add fl_event	27	add_fl_event
106	Can change fl_event	27	change_fl_event
107	Can delete fl_event	27	delete_fl_event
108	Can view fl_event	27	view_fl_event
109	Can add attachment	28	add_attachment
110	Can change attachment	28	change_attachment
111	Can delete attachment	28	delete_attachment
112	Can view attachment	28	view_attachment
113	Can add fl_attendants	29	add_fl_attendants
114	Can change fl_attendants	29	change_fl_attendants
115	Can delete fl_attendants	29	delete_fl_attendants
116	Can view fl_attendants	29	view_fl_attendants
117	Can add state log	30	add_statelog
118	Can change state log	30	change_statelog
119	Can delete state log	30	delete_statelog
120	Can view state log	30	view_statelog
\.


--
-- Data for Name: auth_user; Type: TABLE DATA; Schema: public; Owner: postgres
--

COPY public.auth_user (id, password, last_login, is_superuser, username, first_name, last_name, email, is_staff, is_active, date_joined) FROM stdin;
2	pbkdf2_sha256$870000$wyhIW6vn3pwgzeSXMSVBX0$QRdH9ukwBWffQ9xqifTa4dJUTubjLINacfjNzQWBoEc=	2024-08-29 10:02:42.414096+03	t	angelnagaba			anagaba@nssfug.org	t	t	2024-08-29 10:01:21.75119+03
1	pbkdf2_sha256$870000$nQRKq592hJOzAV70ztCMKd$RE+tMIzIXC2J9LA4PEikCfvcMIyV7+JgLATRGplhRx0=	2024-08-29 10:43:25.704842+03	t	anagaba			anagaba@nssfug.org	t	t	2024-08-12 11:09:01.327057+03
\.


--
-- Data for Name: auth_user_groups; Type: TABLE DATA; Schema: public; Owner: postgres
--

COPY public.auth_user_groups (id, user_id, group_id) FROM stdin;
\.


--
-- Data for Name: auth_user_user_permissions; Type: TABLE DATA; Schema: public; Owner: postgres
--

COPY public.auth_user_user_permissions (id, user_id, permission_id) FROM stdin;
\.


--
-- Data for Name: django_admin_log; Type: TABLE DATA; Schema: public; Owner: postgres
--

COPY public.django_admin_log (id, action_time, object_id, object_repr, action_flag, change_message, content_type_id, user_id) FROM stdin;
1	2024-08-29 10:02:28.617662+03	1	anagaba	2	[{"changed": {"fields": ["password"]}}]	4	2
\.


--
-- Data for Name: django_content_type; Type: TABLE DATA; Schema: public; Owner: postgres
--

COPY public.django_content_type (id, app_label, model) FROM stdin;
1	admin	logentry
2	auth	permission
3	auth	group
4	auth	user
5	contenttypes	contenttype
6	sessions	session
7	workflowapp	employer
8	workflowapp	forclosure
9	workflowapp	forclosurelog
10	workflowapp	engagement
11	workflowapp	attachment
12	workflowapp	engagementlog
13	workflowapp	generalcase
14	workflowapp	generalcaselog
15	workflowapp	rating
16	workflowapp	getfeedback
17	workflowapp	feedback3
18	workflowapp	feedback4
19	workflowapp	traffic
20	workflowapp	outbound
21	workflowapp	mapped_employers
22	workflowapp	jotfeedback
23	feedbackapp	feedback
24	feedbackapp	jotfeedback
25	schoolapp	student
26	fliteracyapp	nssfmember
27	fliteracyapp	fl_event
28	fliteracyapp	attachment
29	fliteracyapp	fl_attendants
30	django_fsm_log	statelog
\.


--
-- Data for Name: django_fsm_log_statelog; Type: TABLE DATA; Schema: public; Owner: postgres
--

COPY public.django_fsm_log_statelog (id, "timestamp", state, transition, object_id, by_id, content_type_id, description, source_state) FROM stdin;
\.


--
-- Data for Name: django_migrations; Type: TABLE DATA; Schema: public; Owner: postgres
--

COPY public.django_migrations (id, app, name, applied) FROM stdin;
1	contenttypes	0001_initial	2024-08-12 11:00:07.041128+03
2	auth	0001_initial	2024-08-12 11:00:07.125428+03
3	admin	0001_initial	2024-08-12 11:00:07.143887+03
4	admin	0002_logentry_remove_auto_add	2024-08-12 11:00:07.149362+03
5	admin	0003_logentry_add_action_flag_choices	2024-08-12 11:00:07.154695+03
6	contenttypes	0002_remove_content_type_name	2024-08-12 11:00:07.165284+03
7	auth	0002_alter_permission_name_max_length	2024-08-12 11:00:07.17063+03
8	auth	0003_alter_user_email_max_length	2024-08-12 11:00:07.177838+03
9	auth	0004_alter_user_username_opts	2024-08-12 11:00:07.183038+03
10	auth	0005_alter_user_last_login_null	2024-08-12 11:00:07.188276+03
11	auth	0006_require_contenttypes_0002	2024-08-12 11:00:07.189283+03
12	auth	0007_alter_validators_add_error_messages	2024-08-12 11:00:07.195816+03
13	auth	0008_alter_user_username_max_length	2024-08-12 11:00:07.203124+03
14	auth	0009_alter_user_last_name_max_length	2024-08-12 11:00:07.208364+03
15	auth	0010_alter_group_name_max_length	2024-08-12 11:00:07.214685+03
16	auth	0011_update_proxy_permissions	2024-08-12 11:00:07.219685+03
17	auth	0012_alter_user_first_name_max_length	2024-08-12 11:00:07.225902+03
18	django_fsm_log	0001_initial	2024-08-12 11:00:07.248272+03
19	django_fsm_log	0002_auto_20151207_1521	2024-08-12 11:00:07.255344+03
20	django_fsm_log	0003_statelog_description	2024-08-12 11:00:07.277578+03
21	django_fsm_log	0004_add_source_state	2024-08-12 11:00:07.277578+03
22	django_fsm_log	0005_description_null	2024-08-12 11:00:07.278935+03
23	django_fsm_log	0004_auto_20190131_0341	2024-08-12 11:00:07.284186+03
24	feedbackapp	0001_initial	2024-08-12 11:00:07.288443+03
25	feedbackapp	0002_jotfeedback	2024-08-12 11:00:07.29767+03
26	feedbackapp	0003_alter_jotfeedback_ces_easy_and_more	2024-08-12 11:00:07.315649+03
27	feedbackapp	0004_alter_jotfeedback_csobranch_and_more	2024-08-12 11:00:07.328144+03
28	feedbackapp	0005_alter_jotfeedback_tstamp	2024-08-12 11:00:07.335613+03
29	fliteracyapp	0001_initial	2024-08-12 11:00:07.346012+03
30	fliteracyapp	0002_fl_event	2024-08-12 11:00:07.371121+03
31	fliteracyapp	0003_attachment	2024-08-12 11:00:07.386017+03
32	fliteracyapp	0004_alter_fl_event_rms_involved	2024-08-12 11:00:07.393274+03
33	fliteracyapp	0005_alter_fl_event_contact_email_and_more	2024-08-12 11:00:07.461416+03
34	fliteracyapp	0006_alter_attachment_file	2024-08-12 11:00:07.467419+03
35	fliteracyapp	0007_alter_attachment_file	2024-08-12 11:00:07.471419+03
36	fliteracyapp	0008_fl_attendants	2024-08-12 11:00:07.477394+03
37	fliteracyapp	0009_attendance	2024-08-12 11:00:07.494416+03
38	fliteracyapp	0010_alter_nssfmember_employer_and_more	2024-08-12 11:00:07.509905+03
39	fliteracyapp	0011_alter_attachment_file	2024-08-12 11:00:07.517373+03
40	fliteracyapp	0012_alter_attachment_file_alter_fl_event_event_date	2024-08-12 11:00:07.52994+03
41	fliteracyapp	0013_alter_fl_event_fl_advisors_involved	2024-08-12 11:00:07.53994+03
42	schoolapp	0001_initial	2024-08-12 11:00:07.54903+03
43	sessions	0001_initial	2024-08-12 11:00:07.557031+03
44	workflowapp	0001_initial	2024-08-12 11:00:07.636275+03
45	workflowapp	0002_remove_engagement_reference_date_and_more	2024-08-12 11:00:07.655709+03
46	workflowapp	0003_engagement_reviewer_engagement_state_engagementlog	2024-08-12 11:00:07.698803+03
47	workflowapp	0004_alter_engagement_state	2024-08-12 11:00:07.708803+03
48	workflowapp	0005_alter_engagement_state	2024-08-12 11:00:07.719802+03
49	workflowapp	0006_remove_engagementlog_created_at_and_more	2024-08-12 11:00:07.738527+03
50	workflowapp	0007_remove_engagementlog_modified_at_and_more	2024-08-12 11:00:07.769854+03
51	workflowapp	0008_engagement_comment	2024-08-12 11:00:07.781624+03
52	workflowapp	0009_alter_engagement_activity_done	2024-08-12 11:00:07.794038+03
53	workflowapp	0010_generalcase_generalcaselog	2024-08-12 11:00:07.884879+03
54	workflowapp	0011_attachment_generalcase	2024-08-12 11:00:07.899879+03
55	workflowapp	0012_forclosure_remark	2024-08-12 11:00:07.910333+03
56	workflowapp	0013_alter_forclosure_updated_at	2024-08-12 11:00:07.922593+03
57	workflowapp	0014_engagement_reason_for_non_compliance	2024-08-12 11:00:07.933415+03
58	workflowapp	0015_alter_engagement_activity_done_and_more	2024-08-12 11:00:07.960991+03
59	workflowapp	0016_rating	2024-08-12 11:00:07.964993+03
60	workflowapp	0017_getfeedback	2024-08-12 11:00:07.971266+03
61	workflowapp	0018_feedback3	2024-08-12 11:00:07.976541+03
62	workflowapp	0019_feedback4	2024-08-12 11:00:07.981053+03
63	workflowapp	0020_feedback4_additional_comments_feedback4_ces_easy_and_more	2024-08-12 11:00:07.992559+03
64	workflowapp	0021_traffic	2024-08-12 11:00:07.998645+03
65	workflowapp	0022_outbound	2024-08-12 11:00:08.023571+03
66	workflowapp	0023_alter_outbound_channel	2024-08-12 11:00:08.035575+03
67	workflowapp	0024_alter_outbound_nps	2024-08-12 11:00:08.050055+03
68	workflowapp	0025_outbound_back_office_reasons_outbound_branch_and_more	2024-08-12 11:00:08.118622+03
69	workflowapp	0026_outbound_call_closure_outbound_emotional_connection_and_more	2024-08-12 11:00:08.207347+03
70	workflowapp	0027_alter_outbound_call_closure_and_more	2024-08-12 11:00:08.274018+03
71	workflowapp	0028_mapped_employers	2024-08-12 11:00:08.2816+03
72	workflowapp	0029_alter_mapped_employers_employer_name	2024-08-12 11:00:08.284609+03
73	workflowapp	0030_jotfeedback	2024-08-12 11:00:08.292607+03
74	workflowapp	0031_alter_jotfeedback_fcr_resolved	2024-08-12 11:00:08.300614+03
75	workflowapp	0032_alter_jotfeedback_fcr_resolved	2024-08-12 11:00:08.310601+03
76	workflowapp	0033_alter_jotfeedback_ces_easy_and_more	2024-08-12 11:00:08.327607+03
77	workflowapp	0034_engagement_main_activity	2024-08-12 11:00:08.348955+03
78	django_fsm_log	0003_statelog_description_squashed_0005_description_null	2024-08-12 11:00:08.350955+03
79	django_fsm_log	0005_alter_statelog_id	2024-08-29 09:57:35.734578+03
80	workflowapp	0035_alter_employer_table	2024-08-29 10:39:13.098115+03
81	workflowapp	0036_alter_employer_table	2024-08-29 10:59:29.853606+03
\.


--
-- Data for Name: django_session; Type: TABLE DATA; Schema: public; Owner: postgres
--

COPY public.django_session (session_key, session_data, expire_date) FROM stdin;
kiix0wpeyjsaua9jsrou5eb8mb9fajyq	.eJxVjDsOwyAQBe9CHSE-FpiU6XMGtOwuwUkEkrErK3ePLblI2jczbxMR1qXEtfMcJxJXocXld0uAL64HoCfUR5PY6jJPSR6KPGmX90b8vp3u30GBXvY6O-O8IuWIw5A5q8SWWGuwnAFHE7we0aNSAD4gAhHupuWBvTbksvh8AQvDOVI:1sdQ7O:c9ULYv3WQon3FwLCYkUdL8kEtKUn7dXRk58wOe1qR4E	2024-08-26 11:09:30.604328+03
l8mndgsdkih6rbyevhvl3q6uxbpv7cop	.eJxVjEsOAiEQBe_C2pBuGkFcuvcMpPnJqIFkmFkZ766TzEK3r6reS3hel-rXkWc_JXEWKA6_W-D4yG0D6c7t1mXsbZmnIDdF7nTIa0_5edndv4PKo37rEoNNjFq7FK3SjAlYgUMHlKkAWaOs4QIcCQkNQQiRj9YFhZDJnsT7A94MN0s:1sjZoU:xStN-vUNN11qUD5zsnyUy9FnidUlSAEuF5-Sp2_McMc	2024-09-12 10:43:26.51392+03
\.


--
-- Data for Name: employers; Type: TABLE DATA; Schema: public; Owner: postgres
--

COPY public.employers (id, party_role_id, nssf_no, employer_name, registry_dt, party_role_type_descr) FROM stdin;
\.


--
-- Data for Name: feedbackapp_feedback; Type: TABLE DATA; Schema: public; Owner: postgres
--

COPY public.feedbackapp_feedback (id, feedback_type, rating) FROM stdin;
\.


--
-- Data for Name: feedbackapp_jotfeedback; Type: TABLE DATA; Schema: public; Owner: postgres
--

COPY public.feedbackapp_jotfeedback (id, nps_rating, fcr_resolved, ces_easy, overall_satisfaction, additional_comments, first_name, yourphone, csobranch, csoname, tstamp, created_at) FROM stdin;
\.


--
-- Data for Name: fliteracyapp_attachment; Type: TABLE DATA; Schema: public; Owner: postgres
--

COPY public.fliteracyapp_attachment (id, file, fl_event_id) FROM stdin;
\.


--
-- Data for Name: fliteracyapp_fl_attendants; Type: TABLE DATA; Schema: public; Owner: postgres
--

COPY public.fliteracyapp_fl_attendants (id, name, nssf_number, event_name, event_date) FROM stdin;
\.


--
-- Data for Name: fliteracyapp_fl_event; Type: TABLE DATA; Schema: public; Owner: postgres
--

COPY public.fliteracyapp_fl_event (id, event_name, event_date, employer, employer_number, fl_advisors_involved, contact_person, designation, contact_phone, contact_email, program, delivery_mode, on_spot_feedback) FROM stdin;
\.


--
-- Data for Name: fliteracyapp_fl_event_rms_involved; Type: TABLE DATA; Schema: public; Owner: postgres
--

COPY public.fliteracyapp_fl_event_rms_involved (id, fl_event_id, user_id) FROM stdin;
\.


--
-- Data for Name: fliteracyapp_nssfmember; Type: TABLE DATA; Schema: public; Owner: postgres
--

COPY public.fliteracyapp_nssfmember (id, name, nssf_number, employer, employer_number, phone, email, date_of_birth, mothers_name, fathers_name) FROM stdin;
\.


--
-- Data for Name: schoolapp_student; Type: TABLE DATA; Schema: public; Owner: postgres
--

COPY public.schoolapp_student (id, first_name, second_name, other_name, student_number, date_of_birth, gender) FROM stdin;
\.


--
-- Data for Name: workflowapp_attachment; Type: TABLE DATA; Schema: public; Owner: postgres
--

COPY public.workflowapp_attachment (id, file, engagement_id, forclosure_id, generalcase_id) FROM stdin;
\.


--
-- Data for Name: workflowapp_engagement; Type: TABLE DATA; Schema: public; Owner: postgres
--

COPY public.workflowapp_engagement (id, created_at, employer_name, nssf_no, activity_done, remark, user_id, action_date, reviewer_id, state, modified_at, comment, reason_for_non_compliance, main_activity) FROM stdin;
\.


--
-- Data for Name: workflowapp_engagementlog; Type: TABLE DATA; Schema: public; Owner: postgres
--

COPY public.workflowapp_engagementlog (id, remark, action, model_id, user_id, created_at) FROM stdin;
\.


--
-- Data for Name: workflowapp_feedback3; Type: TABLE DATA; Schema: public; Owner: postgres
--

COPY public.workflowapp_feedback3 (id, rating) FROM stdin;
\.


--
-- Data for Name: workflowapp_feedback4; Type: TABLE DATA; Schema: public; Owner: postgres
--

COPY public.workflowapp_feedback4 (id, rating, created_at, additional_comments, ces_easy, fcr_resolved, overall_satisfaction) FROM stdin;
\.


--
-- Data for Name: workflowapp_forclosure; Type: TABLE DATA; Schema: public; Owner: postgres
--

COPY public.workflowapp_forclosure (id, state, created_at, updated_at, employer_name, nssf_no, reason, review_comment, next_action_user_id, reviewer_id, user_id, remark) FROM stdin;
\.


--
-- Data for Name: workflowapp_forclosurelog; Type: TABLE DATA; Schema: public; Owner: postgres
--

COPY public.workflowapp_forclosurelog (id, review_comment, action, created_at, model_id, user_id) FROM stdin;
\.


--
-- Data for Name: workflowapp_generalcase; Type: TABLE DATA; Schema: public; Owner: postgres
--

COPY public.workflowapp_generalcase (id, state, created_at, modified_at, subject, action_date, any_other_info, remark, comment, reviewer_id, user_id) FROM stdin;
\.


--
-- Data for Name: workflowapp_generalcaselog; Type: TABLE DATA; Schema: public; Owner: postgres
--

COPY public.workflowapp_generalcaselog (id, remark, action, created_at, model_id, user_id) FROM stdin;
\.


--
-- Data for Name: workflowapp_getfeedback; Type: TABLE DATA; Schema: public; Owner: postgres
--

COPY public.workflowapp_getfeedback (id, fcr_resolved, nps_rating, ces_easy, overall_satisfaction, additional_comments) FROM stdin;
\.


--
-- Data for Name: workflowapp_jotfeedback; Type: TABLE DATA; Schema: public; Owner: postgres
--

COPY public.workflowapp_jotfeedback (id, nps_rating, fcr_resolved, ces_easy, overall_satisfaction, additional_comments, first_name, yourphone, csobranch, csoname, tstamp, created_at) FROM stdin;
\.


--
-- Data for Name: workflowapp_mapped_employers; Type: TABLE DATA; Schema: public; Owner: postgres
--

COPY public.workflowapp_mapped_employers (id, nssf_no, employer_name, latitude, longitude) FROM stdin;
\.


--
-- Data for Name: workflowapp_outbound; Type: TABLE DATA; Schema: public; Owner: postgres
--

COPY public.workflowapp_outbound (id, channel, customer_name, customer_contact, nssf_number, nps, fcr_resolved, ces_easy, overall_satisfaction, additional_comments, created_at, served_by_id, user_id, back_office_reasons, branch, front_office_reasons, reason_for_visit, verbatim_rating, call_closure, emotional_connection, greeting_and_enthusiasm, hold_procedure, resolution_and_professionalism, zero_rated) FROM stdin;
\.


--
-- Data for Name: workflowapp_rating; Type: TABLE DATA; Schema: public; Owner: postgres
--

COPY public.workflowapp_rating (id, value) FROM stdin;
\.


--
-- Data for Name: workflowapp_traffic; Type: TABLE DATA; Schema: public; Owner: postgres
--

COPY public.workflowapp_traffic (id, contact_date, nssf_number, channel, first_name, last_name, reason, served_by, email, phone) FROM stdin;
\.


--
-- Name: auth_group_id_seq; Type: SEQUENCE SET; Schema: public; Owner: postgres
--

SELECT pg_catalog.setval('public.auth_group_id_seq', 1, false);


--
-- Name: auth_group_permissions_id_seq; Type: SEQUENCE SET; Schema: public; Owner: postgres
--

SELECT pg_catalog.setval('public.auth_group_permissions_id_seq', 1, false);


--
-- Name: auth_permission_id_seq; Type: SEQUENCE SET; Schema: public; Owner: postgres
--

SELECT pg_catalog.setval('public.auth_permission_id_seq', 120, true);


--
-- Name: auth_user_groups_id_seq; Type: SEQUENCE SET; Schema: public; Owner: postgres
--

SELECT pg_catalog.setval('public.auth_user_groups_id_seq', 1, false);


--
-- Name: auth_user_id_seq; Type: SEQUENCE SET; Schema: public; Owner: postgres
--

SELECT pg_catalog.setval('public.auth_user_id_seq', 2, true);


--
-- Name: auth_user_user_permissions_id_seq; Type: SEQUENCE SET; Schema: public; Owner: postgres
--

SELECT pg_catalog.setval('public.auth_user_user_permissions_id_seq', 1, false);


--
-- Name: django_admin_log_id_seq; Type: SEQUENCE SET; Schema: public; Owner: postgres
--

SELECT pg_catalog.setval('public.django_admin_log_id_seq', 1, true);


--
-- Name: django_content_type_id_seq; Type: SEQUENCE SET; Schema: public; Owner: postgres
--

SELECT pg_catalog.setval('public.django_content_type_id_seq', 30, true);


--
-- Name: django_fsm_log_statelog_id_seq; Type: SEQUENCE SET; Schema: public; Owner: postgres
--

SELECT pg_catalog.setval('public.django_fsm_log_statelog_id_seq', 1, false);


--
-- Name: django_migrations_id_seq; Type: SEQUENCE SET; Schema: public; Owner: postgres
--

SELECT pg_catalog.setval('public.django_migrations_id_seq', 81, true);


--
-- Name: employers_id_seq; Type: SEQUENCE SET; Schema: public; Owner: postgres
--

SELECT pg_catalog.setval('public.employers_id_seq', 1, false);


--
-- Name: feedbackapp_feedback_id_seq; Type: SEQUENCE SET; Schema: public; Owner: postgres
--

SELECT pg_catalog.setval('public.feedbackapp_feedback_id_seq', 1, false);


--
-- Name: feedbackapp_jotfeedback_id_seq; Type: SEQUENCE SET; Schema: public; Owner: postgres
--

SELECT pg_catalog.setval('public.feedbackapp_jotfeedback_id_seq', 1, false);


--
-- Name: fliteracyapp_attachment_id_seq; Type: SEQUENCE SET; Schema: public; Owner: postgres
--

SELECT pg_catalog.setval('public.fliteracyapp_attachment_id_seq', 1, false);


--
-- Name: fliteracyapp_fl_attendants_id_seq; Type: SEQUENCE SET; Schema: public; Owner: postgres
--

SELECT pg_catalog.setval('public.fliteracyapp_fl_attendants_id_seq', 1, false);


--
-- Name: fliteracyapp_fl_event_id_seq; Type: SEQUENCE SET; Schema: public; Owner: postgres
--

SELECT pg_catalog.setval('public.fliteracyapp_fl_event_id_seq', 1, false);


--
-- Name: fliteracyapp_fl_event_rms_involved_id_seq; Type: SEQUENCE SET; Schema: public; Owner: postgres
--

SELECT pg_catalog.setval('public.fliteracyapp_fl_event_rms_involved_id_seq', 1, false);


--
-- Name: fliteracyapp_nssfmember_id_seq; Type: SEQUENCE SET; Schema: public; Owner: postgres
--

SELECT pg_catalog.setval('public.fliteracyapp_nssfmember_id_seq', 1, false);


--
-- Name: schoolapp_student_id_seq; Type: SEQUENCE SET; Schema: public; Owner: postgres
--

SELECT pg_catalog.setval('public.schoolapp_student_id_seq', 1, false);


--
-- Name: workflowapp_attachment_id_seq; Type: SEQUENCE SET; Schema: public; Owner: postgres
--

SELECT pg_catalog.setval('public.workflowapp_attachment_id_seq', 1, false);


--
-- Name: workflowapp_engagement_id_seq; Type: SEQUENCE SET; Schema: public; Owner: postgres
--

SELECT pg_catalog.setval('public.workflowapp_engagement_id_seq', 1, false);


--
-- Name: workflowapp_engagementlog_id_seq; Type: SEQUENCE SET; Schema: public; Owner: postgres
--

SELECT pg_catalog.setval('public.workflowapp_engagementlog_id_seq', 1, false);


--
-- Name: workflowapp_feedback3_id_seq; Type: SEQUENCE SET; Schema: public; Owner: postgres
--

SELECT pg_catalog.setval('public.workflowapp_feedback3_id_seq', 1, false);


--
-- Name: workflowapp_feedback4_id_seq; Type: SEQUENCE SET; Schema: public; Owner: postgres
--

SELECT pg_catalog.setval('public.workflowapp_feedback4_id_seq', 1, false);


--
-- Name: workflowapp_forclosure_id_seq; Type: SEQUENCE SET; Schema: public; Owner: postgres
--

SELECT pg_catalog.setval('public.workflowapp_forclosure_id_seq', 1, false);


--
-- Name: workflowapp_forclosurelog_id_seq; Type: SEQUENCE SET; Schema: public; Owner: postgres
--

SELECT pg_catalog.setval('public.workflowapp_forclosurelog_id_seq', 1, false);


--
-- Name: workflowapp_generalcase_id_seq; Type: SEQUENCE SET; Schema: public; Owner: postgres
--

SELECT pg_catalog.setval('public.workflowapp_generalcase_id_seq', 1, false);


--
-- Name: workflowapp_generalcaselog_id_seq; Type: SEQUENCE SET; Schema: public; Owner: postgres
--

SELECT pg_catalog.setval('public.workflowapp_generalcaselog_id_seq', 1, false);


--
-- Name: workflowapp_getfeedback_id_seq; Type: SEQUENCE SET; Schema: public; Owner: postgres
--

SELECT pg_catalog.setval('public.workflowapp_getfeedback_id_seq', 1, false);


--
-- Name: workflowapp_jotfeedback_id_seq; Type: SEQUENCE SET; Schema: public; Owner: postgres
--

SELECT pg_catalog.setval('public.workflowapp_jotfeedback_id_seq', 1, false);


--
-- Name: workflowapp_mapped_employers_id_seq; Type: SEQUENCE SET; Schema: public; Owner: postgres
--

SELECT pg_catalog.setval('public.workflowapp_mapped_employers_id_seq', 1, false);


--
-- Name: workflowapp_outbound_id_seq; Type: SEQUENCE SET; Schema: public; Owner: postgres
--

SELECT pg_catalog.setval('public.workflowapp_outbound_id_seq', 1, false);


--
-- Name: workflowapp_rating_id_seq; Type: SEQUENCE SET; Schema: public; Owner: postgres
--

SELECT pg_catalog.setval('public.workflowapp_rating_id_seq', 1, false);


--
-- Name: workflowapp_traffic_id_seq; Type: SEQUENCE SET; Schema: public; Owner: postgres
--

SELECT pg_catalog.setval('public.workflowapp_traffic_id_seq', 1, false);


--
-- Name: auth_group auth_group_name_key; Type: CONSTRAINT; Schema: public; Owner: postgres
--

ALTER TABLE ONLY public.auth_group
    ADD CONSTRAINT auth_group_name_key UNIQUE (name);


--
-- Name: auth_group_permissions auth_group_permissions_group_id_permission_id_0cd325b0_uniq; Type: CONSTRAINT; Schema: public; Owner: postgres
--

ALTER TABLE ONLY public.auth_group_permissions
    ADD CONSTRAINT auth_group_permissions_group_id_permission_id_0cd325b0_uniq UNIQUE (group_id, permission_id);


--
-- Name: auth_group_permissions auth_group_permissions_pkey; Type: CONSTRAINT; Schema: public; Owner: postgres
--

ALTER TABLE ONLY public.auth_group_permissions
    ADD CONSTRAINT auth_group_permissions_pkey PRIMARY KEY (id);


--
-- Name: auth_group auth_group_pkey; Type: CONSTRAINT; Schema: public; Owner: postgres
--

ALTER TABLE ONLY public.auth_group
    ADD CONSTRAINT auth_group_pkey PRIMARY KEY (id);


--
-- Name: auth_permission auth_permission_content_type_id_codename_01ab375a_uniq; Type: CONSTRAINT; Schema: public; Owner: postgres
--

ALTER TABLE ONLY public.auth_permission
    ADD CONSTRAINT auth_permission_content_type_id_codename_01ab375a_uniq UNIQUE (content_type_id, codename);


--
-- Name: auth_permission auth_permission_pkey; Type: CONSTRAINT; Schema: public; Owner: postgres
--

ALTER TABLE ONLY public.auth_permission
    ADD CONSTRAINT auth_permission_pkey PRIMARY KEY (id);


--
-- Name: auth_user_groups auth_user_groups_pkey; Type: CONSTRAINT; Schema: public; Owner: postgres
--

ALTER TABLE ONLY public.auth_user_groups
    ADD CONSTRAINT auth_user_groups_pkey PRIMARY KEY (id);


--
-- Name: auth_user_groups auth_user_groups_user_id_group_id_94350c0c_uniq; Type: CONSTRAINT; Schema: public; Owner: postgres
--

ALTER TABLE ONLY public.auth_user_groups
    ADD CONSTRAINT auth_user_groups_user_id_group_id_94350c0c_uniq UNIQUE (user_id, group_id);


--
-- Name: auth_user auth_user_pkey; Type: CONSTRAINT; Schema: public; Owner: postgres
--

ALTER TABLE ONLY public.auth_user
    ADD CONSTRAINT auth_user_pkey PRIMARY KEY (id);


--
-- Name: auth_user_user_permissions auth_user_user_permissions_pkey; Type: CONSTRAINT; Schema: public; Owner: postgres
--

ALTER TABLE ONLY public.auth_user_user_permissions
    ADD CONSTRAINT auth_user_user_permissions_pkey PRIMARY KEY (id);


--
-- Name: auth_user_user_permissions auth_user_user_permissions_user_id_permission_id_14a6b632_uniq; Type: CONSTRAINT; Schema: public; Owner: postgres
--

ALTER TABLE ONLY public.auth_user_user_permissions
    ADD CONSTRAINT auth_user_user_permissions_user_id_permission_id_14a6b632_uniq UNIQUE (user_id, permission_id);


--
-- Name: auth_user auth_user_username_key; Type: CONSTRAINT; Schema: public; Owner: postgres
--

ALTER TABLE ONLY public.auth_user
    ADD CONSTRAINT auth_user_username_key UNIQUE (username);


--
-- Name: django_admin_log django_admin_log_pkey; Type: CONSTRAINT; Schema: public; Owner: postgres
--

ALTER TABLE ONLY public.django_admin_log
    ADD CONSTRAINT django_admin_log_pkey PRIMARY KEY (id);


--
-- Name: django_content_type django_content_type_app_label_model_76bd3d3b_uniq; Type: CONSTRAINT; Schema: public; Owner: postgres
--

ALTER TABLE ONLY public.django_content_type
    ADD CONSTRAINT django_content_type_app_label_model_76bd3d3b_uniq UNIQUE (app_label, model);


--
-- Name: django_content_type django_content_type_pkey; Type: CONSTRAINT; Schema: public; Owner: postgres
--

ALTER TABLE ONLY public.django_content_type
    ADD CONSTRAINT django_content_type_pkey PRIMARY KEY (id);


--
-- Name: django_fsm_log_statelog django_fsm_log_statelog_pkey; Type: CONSTRAINT; Schema: public; Owner: postgres
--

ALTER TABLE ONLY public.django_fsm_log_statelog
    ADD CONSTRAINT django_fsm_log_statelog_pkey PRIMARY KEY (id);


--
-- Name: django_migrations django_migrations_pkey; Type: CONSTRAINT; Schema: public; Owner: postgres
--

ALTER TABLE ONLY public.django_migrations
    ADD CONSTRAINT django_migrations_pkey PRIMARY KEY (id);


--
-- Name: django_session django_session_pkey; Type: CONSTRAINT; Schema: public; Owner: postgres
--

ALTER TABLE ONLY public.django_session
    ADD CONSTRAINT django_session_pkey PRIMARY KEY (session_key);


--
-- Name: employers employers_pkey; Type: CONSTRAINT; Schema: public; Owner: postgres
--

ALTER TABLE ONLY public.employers
    ADD CONSTRAINT employers_pkey PRIMARY KEY (id);


--
-- Name: feedbackapp_feedback feedbackapp_feedback_pkey; Type: CONSTRAINT; Schema: public; Owner: postgres
--

ALTER TABLE ONLY public.feedbackapp_feedback
    ADD CONSTRAINT feedbackapp_feedback_pkey PRIMARY KEY (id);


--
-- Name: feedbackapp_jotfeedback feedbackapp_jotfeedback_pkey; Type: CONSTRAINT; Schema: public; Owner: postgres
--

ALTER TABLE ONLY public.feedbackapp_jotfeedback
    ADD CONSTRAINT feedbackapp_jotfeedback_pkey PRIMARY KEY (id);


--
-- Name: fliteracyapp_attachment fliteracyapp_attachment_pkey; Type: CONSTRAINT; Schema: public; Owner: postgres
--

ALTER TABLE ONLY public.fliteracyapp_attachment
    ADD CONSTRAINT fliteracyapp_attachment_pkey PRIMARY KEY (id);


--
-- Name: fliteracyapp_fl_attendants fliteracyapp_fl_attendants_pkey; Type: CONSTRAINT; Schema: public; Owner: postgres
--

ALTER TABLE ONLY public.fliteracyapp_fl_attendants
    ADD CONSTRAINT fliteracyapp_fl_attendants_pkey PRIMARY KEY (id);


--
-- Name: fliteracyapp_fl_event fliteracyapp_fl_event_pkey; Type: CONSTRAINT; Schema: public; Owner: postgres
--

ALTER TABLE ONLY public.fliteracyapp_fl_event
    ADD CONSTRAINT fliteracyapp_fl_event_pkey PRIMARY KEY (id);


--
-- Name: fliteracyapp_fl_event_rms_involved fliteracyapp_fl_event_rm_fl_event_id_user_id_1240e9a8_uniq; Type: CONSTRAINT; Schema: public; Owner: postgres
--

ALTER TABLE ONLY public.fliteracyapp_fl_event_rms_involved
    ADD CONSTRAINT fliteracyapp_fl_event_rm_fl_event_id_user_id_1240e9a8_uniq UNIQUE (fl_event_id, user_id);


--
-- Name: fliteracyapp_fl_event_rms_involved fliteracyapp_fl_event_rms_involved_pkey; Type: CONSTRAINT; Schema: public; Owner: postgres
--

ALTER TABLE ONLY public.fliteracyapp_fl_event_rms_involved
    ADD CONSTRAINT fliteracyapp_fl_event_rms_involved_pkey PRIMARY KEY (id);


--
-- Name: fliteracyapp_nssfmember fliteracyapp_nssfmember_pkey; Type: CONSTRAINT; Schema: public; Owner: postgres
--

ALTER TABLE ONLY public.fliteracyapp_nssfmember
    ADD CONSTRAINT fliteracyapp_nssfmember_pkey PRIMARY KEY (id);


--
-- Name: schoolapp_student schoolapp_student_pkey; Type: CONSTRAINT; Schema: public; Owner: postgres
--

ALTER TABLE ONLY public.schoolapp_student
    ADD CONSTRAINT schoolapp_student_pkey PRIMARY KEY (id);


--
-- Name: schoolapp_student schoolapp_student_student_number_key; Type: CONSTRAINT; Schema: public; Owner: postgres
--

ALTER TABLE ONLY public.schoolapp_student
    ADD CONSTRAINT schoolapp_student_student_number_key UNIQUE (student_number);


--
-- Name: workflowapp_attachment workflowapp_attachment_pkey; Type: CONSTRAINT; Schema: public; Owner: postgres
--

ALTER TABLE ONLY public.workflowapp_attachment
    ADD CONSTRAINT workflowapp_attachment_pkey PRIMARY KEY (id);


--
-- Name: workflowapp_engagement workflowapp_engagement_pkey; Type: CONSTRAINT; Schema: public; Owner: postgres
--

ALTER TABLE ONLY public.workflowapp_engagement
    ADD CONSTRAINT workflowapp_engagement_pkey PRIMARY KEY (id);


--
-- Name: workflowapp_engagementlog workflowapp_engagementlog_pkey; Type: CONSTRAINT; Schema: public; Owner: postgres
--

ALTER TABLE ONLY public.workflowapp_engagementlog
    ADD CONSTRAINT workflowapp_engagementlog_pkey PRIMARY KEY (id);


--
-- Name: workflowapp_feedback3 workflowapp_feedback3_pkey; Type: CONSTRAINT; Schema: public; Owner: postgres
--

ALTER TABLE ONLY public.workflowapp_feedback3
    ADD CONSTRAINT workflowapp_feedback3_pkey PRIMARY KEY (id);


--
-- Name: workflowapp_feedback4 workflowapp_feedback4_pkey; Type: CONSTRAINT; Schema: public; Owner: postgres
--

ALTER TABLE ONLY public.workflowapp_feedback4
    ADD CONSTRAINT workflowapp_feedback4_pkey PRIMARY KEY (id);


--
-- Name: workflowapp_forclosure workflowapp_forclosure_pkey; Type: CONSTRAINT; Schema: public; Owner: postgres
--

ALTER TABLE ONLY public.workflowapp_forclosure
    ADD CONSTRAINT workflowapp_forclosure_pkey PRIMARY KEY (id);


--
-- Name: workflowapp_forclosurelog workflowapp_forclosurelog_pkey; Type: CONSTRAINT; Schema: public; Owner: postgres
--

ALTER TABLE ONLY public.workflowapp_forclosurelog
    ADD CONSTRAINT workflowapp_forclosurelog_pkey PRIMARY KEY (id);


--
-- Name: workflowapp_generalcase workflowapp_generalcase_pkey; Type: CONSTRAINT; Schema: public; Owner: postgres
--

ALTER TABLE ONLY public.workflowapp_generalcase
    ADD CONSTRAINT workflowapp_generalcase_pkey PRIMARY KEY (id);


--
-- Name: workflowapp_generalcaselog workflowapp_generalcaselog_pkey; Type: CONSTRAINT; Schema: public; Owner: postgres
--

ALTER TABLE ONLY public.workflowapp_generalcaselog
    ADD CONSTRAINT workflowapp_generalcaselog_pkey PRIMARY KEY (id);


--
-- Name: workflowapp_getfeedback workflowapp_getfeedback_pkey; Type: CONSTRAINT; Schema: public; Owner: postgres
--

ALTER TABLE ONLY public.workflowapp_getfeedback
    ADD CONSTRAINT workflowapp_getfeedback_pkey PRIMARY KEY (id);


--
-- Name: workflowapp_jotfeedback workflowapp_jotfeedback_pkey; Type: CONSTRAINT; Schema: public; Owner: postgres
--

ALTER TABLE ONLY public.workflowapp_jotfeedback
    ADD CONSTRAINT workflowapp_jotfeedback_pkey PRIMARY KEY (id);


--
-- Name: workflowapp_mapped_employers workflowapp_mapped_employers_pkey; Type: CONSTRAINT; Schema: public; Owner: postgres
--

ALTER TABLE ONLY public.workflowapp_mapped_employers
    ADD CONSTRAINT workflowapp_mapped_employers_pkey PRIMARY KEY (id);


--
-- Name: workflowapp_outbound workflowapp_outbound_pkey; Type: CONSTRAINT; Schema: public; Owner: postgres
--

ALTER TABLE ONLY public.workflowapp_outbound
    ADD CONSTRAINT workflowapp_outbound_pkey PRIMARY KEY (id);


--
-- Name: workflowapp_rating workflowapp_rating_pkey; Type: CONSTRAINT; Schema: public; Owner: postgres
--

ALTER TABLE ONLY public.workflowapp_rating
    ADD CONSTRAINT workflowapp_rating_pkey PRIMARY KEY (id);


--
-- Name: workflowapp_traffic workflowapp_traffic_pkey; Type: CONSTRAINT; Schema: public; Owner: postgres
--

ALTER TABLE ONLY public.workflowapp_traffic
    ADD CONSTRAINT workflowapp_traffic_pkey PRIMARY KEY (id);


--
-- Name: auth_group_name_a6ea08ec_like; Type: INDEX; Schema: public; Owner: postgres
--

CREATE INDEX auth_group_name_a6ea08ec_like ON public.auth_group USING btree (name varchar_pattern_ops);


--
-- Name: auth_group_permissions_group_id_b120cbf9; Type: INDEX; Schema: public; Owner: postgres
--

CREATE INDEX auth_group_permissions_group_id_b120cbf9 ON public.auth_group_permissions USING btree (group_id);


--
-- Name: auth_group_permissions_permission_id_84c5c92e; Type: INDEX; Schema: public; Owner: postgres
--

CREATE INDEX auth_group_permissions_permission_id_84c5c92e ON public.auth_group_permissions USING btree (permission_id);


--
-- Name: auth_permission_content_type_id_2f476e4b; Type: INDEX; Schema: public; Owner: postgres
--

CREATE INDEX auth_permission_content_type_id_2f476e4b ON public.auth_permission USING btree (content_type_id);


--
-- Name: auth_user_groups_group_id_97559544; Type: INDEX; Schema: public; Owner: postgres
--

CREATE INDEX auth_user_groups_group_id_97559544 ON public.auth_user_groups USING btree (group_id);


--
-- Name: auth_user_groups_user_id_6a12ed8b; Type: INDEX; Schema: public; Owner: postgres
--

CREATE INDEX auth_user_groups_user_id_6a12ed8b ON public.auth_user_groups USING btree (user_id);


--
-- Name: auth_user_user_permissions_permission_id_1fbb5f2c; Type: INDEX; Schema: public; Owner: postgres
--

CREATE INDEX auth_user_user_permissions_permission_id_1fbb5f2c ON public.auth_user_user_permissions USING btree (permission_id);


--
-- Name: auth_user_user_permissions_user_id_a95ead1b; Type: INDEX; Schema: public; Owner: postgres
--

CREATE INDEX auth_user_user_permissions_user_id_a95ead1b ON public.auth_user_user_permissions USING btree (user_id);


--
-- Name: auth_user_username_6821ab7c_like; Type: INDEX; Schema: public; Owner: postgres
--

CREATE INDEX auth_user_username_6821ab7c_like ON public.auth_user USING btree (username varchar_pattern_ops);


--
-- Name: django_admin_log_content_type_id_c4bce8eb; Type: INDEX; Schema: public; Owner: postgres
--

CREATE INDEX django_admin_log_content_type_id_c4bce8eb ON public.django_admin_log USING btree (content_type_id);


--
-- Name: django_admin_log_user_id_c564eba6; Type: INDEX; Schema: public; Owner: postgres
--

CREATE INDEX django_admin_log_user_id_c564eba6 ON public.django_admin_log USING btree (user_id);


--
-- Name: django_fsm_log_statelog_by_id_df6b9a17; Type: INDEX; Schema: public; Owner: postgres
--

CREATE INDEX django_fsm_log_statelog_by_id_df6b9a17 ON public.django_fsm_log_statelog USING btree (by_id);


--
-- Name: django_fsm_log_statelog_content_type_id_e63b15b9; Type: INDEX; Schema: public; Owner: postgres
--

CREATE INDEX django_fsm_log_statelog_content_type_id_e63b15b9 ON public.django_fsm_log_statelog USING btree (content_type_id);


--
-- Name: django_fsm_log_statelog_object_id_21cdf73c; Type: INDEX; Schema: public; Owner: postgres
--

CREATE INDEX django_fsm_log_statelog_object_id_21cdf73c ON public.django_fsm_log_statelog USING btree (object_id);


--
-- Name: django_fsm_log_statelog_source_state_07608825; Type: INDEX; Schema: public; Owner: postgres
--

CREATE INDEX django_fsm_log_statelog_source_state_07608825 ON public.django_fsm_log_statelog USING btree (source_state);


--
-- Name: django_fsm_log_statelog_source_state_07608825_like; Type: INDEX; Schema: public; Owner: postgres
--

CREATE INDEX django_fsm_log_statelog_source_state_07608825_like ON public.django_fsm_log_statelog USING btree (source_state varchar_pattern_ops);


--
-- Name: django_fsm_log_statelog_state_7a86232b; Type: INDEX; Schema: public; Owner: postgres
--

CREATE INDEX django_fsm_log_statelog_state_7a86232b ON public.django_fsm_log_statelog USING btree (state);


--
-- Name: django_fsm_log_statelog_state_7a86232b_like; Type: INDEX; Schema: public; Owner: postgres
--

CREATE INDEX django_fsm_log_statelog_state_7a86232b_like ON public.django_fsm_log_statelog USING btree (state varchar_pattern_ops);


--
-- Name: django_session_expire_date_a5c62663; Type: INDEX; Schema: public; Owner: postgres
--

CREATE INDEX django_session_expire_date_a5c62663 ON public.django_session USING btree (expire_date);


--
-- Name: django_session_session_key_c0390e0f_like; Type: INDEX; Schema: public; Owner: postgres
--

CREATE INDEX django_session_session_key_c0390e0f_like ON public.django_session USING btree (session_key varchar_pattern_ops);


--
-- Name: fliteracyapp_attachment_fl_event_id_1a45054f; Type: INDEX; Schema: public; Owner: postgres
--

CREATE INDEX fliteracyapp_attachment_fl_event_id_1a45054f ON public.fliteracyapp_attachment USING btree (fl_event_id);


--
-- Name: fliteracyapp_fl_event_rms_involved_fl_event_id_f37ed3a1; Type: INDEX; Schema: public; Owner: postgres
--

CREATE INDEX fliteracyapp_fl_event_rms_involved_fl_event_id_f37ed3a1 ON public.fliteracyapp_fl_event_rms_involved USING btree (fl_event_id);


--
-- Name: fliteracyapp_fl_event_rms_involved_user_id_9983bb44; Type: INDEX; Schema: public; Owner: postgres
--

CREATE INDEX fliteracyapp_fl_event_rms_involved_user_id_9983bb44 ON public.fliteracyapp_fl_event_rms_involved USING btree (user_id);


--
-- Name: schoolapp_student_student_number_3a2ace0a_like; Type: INDEX; Schema: public; Owner: postgres
--

CREATE INDEX schoolapp_student_student_number_3a2ace0a_like ON public.schoolapp_student USING btree (student_number varchar_pattern_ops);


--
-- Name: workflowapp_attachment_engagement_id_51731ed4; Type: INDEX; Schema: public; Owner: postgres
--

CREATE INDEX workflowapp_attachment_engagement_id_51731ed4 ON public.workflowapp_attachment USING btree (engagement_id);


--
-- Name: workflowapp_attachment_forclosure_id_0a69607e; Type: INDEX; Schema: public; Owner: postgres
--

CREATE INDEX workflowapp_attachment_forclosure_id_0a69607e ON public.workflowapp_attachment USING btree (forclosure_id);


--
-- Name: workflowapp_attachment_generalcase_id_95e53063; Type: INDEX; Schema: public; Owner: postgres
--

CREATE INDEX workflowapp_attachment_generalcase_id_95e53063 ON public.workflowapp_attachment USING btree (generalcase_id);


--
-- Name: workflowapp_engagement_reviewer_id_662f2866; Type: INDEX; Schema: public; Owner: postgres
--

CREATE INDEX workflowapp_engagement_reviewer_id_662f2866 ON public.workflowapp_engagement USING btree (reviewer_id);


--
-- Name: workflowapp_engagement_user_id_d6e05d25; Type: INDEX; Schema: public; Owner: postgres
--

CREATE INDEX workflowapp_engagement_user_id_d6e05d25 ON public.workflowapp_engagement USING btree (user_id);


--
-- Name: workflowapp_engagementlog_model_id_f5886abb; Type: INDEX; Schema: public; Owner: postgres
--

CREATE INDEX workflowapp_engagementlog_model_id_f5886abb ON public.workflowapp_engagementlog USING btree (model_id);


--
-- Name: workflowapp_engagementlog_user_id_05472322; Type: INDEX; Schema: public; Owner: postgres
--

CREATE INDEX workflowapp_engagementlog_user_id_05472322 ON public.workflowapp_engagementlog USING btree (user_id);


--
-- Name: workflowapp_forclosure_next_action_user_id_84ca2341; Type: INDEX; Schema: public; Owner: postgres
--

CREATE INDEX workflowapp_forclosure_next_action_user_id_84ca2341 ON public.workflowapp_forclosure USING btree (next_action_user_id);


--
-- Name: workflowapp_forclosure_reviewer_id_2b9dab4f; Type: INDEX; Schema: public; Owner: postgres
--

CREATE INDEX workflowapp_forclosure_reviewer_id_2b9dab4f ON public.workflowapp_forclosure USING btree (reviewer_id);


--
-- Name: workflowapp_forclosure_user_id_ae70f3c6; Type: INDEX; Schema: public; Owner: postgres
--

CREATE INDEX workflowapp_forclosure_user_id_ae70f3c6 ON public.workflowapp_forclosure USING btree (user_id);


--
-- Name: workflowapp_forclosurelog_model_id_d1624599; Type: INDEX; Schema: public; Owner: postgres
--

CREATE INDEX workflowapp_forclosurelog_model_id_d1624599 ON public.workflowapp_forclosurelog USING btree (model_id);


--
-- Name: workflowapp_forclosurelog_user_id_1700a5d5; Type: INDEX; Schema: public; Owner: postgres
--

CREATE INDEX workflowapp_forclosurelog_user_id_1700a5d5 ON public.workflowapp_forclosurelog USING btree (user_id);


--
-- Name: workflowapp_generalcase_reviewer_id_33ccdffc; Type: INDEX; Schema: public; Owner: postgres
--

CREATE INDEX workflowapp_generalcase_reviewer_id_33ccdffc ON public.workflowapp_generalcase USING btree (reviewer_id);


--
-- Name: workflowapp_generalcase_user_id_c6da4c82; Type: INDEX; Schema: public; Owner: postgres
--

CREATE INDEX workflowapp_generalcase_user_id_c6da4c82 ON public.workflowapp_generalcase USING btree (user_id);


--
-- Name: workflowapp_generalcaselog_model_id_2146b592; Type: INDEX; Schema: public; Owner: postgres
--

CREATE INDEX workflowapp_generalcaselog_model_id_2146b592 ON public.workflowapp_generalcaselog USING btree (model_id);


--
-- Name: workflowapp_generalcaselog_user_id_bce19583; Type: INDEX; Schema: public; Owner: postgres
--

CREATE INDEX workflowapp_generalcaselog_user_id_bce19583 ON public.workflowapp_generalcaselog USING btree (user_id);


--
-- Name: workflowapp_outbound_served_by_id_aa4757a9; Type: INDEX; Schema: public; Owner: postgres
--

CREATE INDEX workflowapp_outbound_served_by_id_aa4757a9 ON public.workflowapp_outbound USING btree (served_by_id);


--
-- Name: workflowapp_outbound_user_id_c28b53b4; Type: INDEX; Schema: public; Owner: postgres
--

CREATE INDEX workflowapp_outbound_user_id_c28b53b4 ON public.workflowapp_outbound USING btree (user_id);


--
-- Name: auth_group_permissions auth_group_permissio_permission_id_84c5c92e_fk_auth_perm; Type: FK CONSTRAINT; Schema: public; Owner: postgres
--

ALTER TABLE ONLY public.auth_group_permissions
    ADD CONSTRAINT auth_group_permissio_permission_id_84c5c92e_fk_auth_perm FOREIGN KEY (permission_id) REFERENCES public.auth_permission(id) DEFERRABLE INITIALLY DEFERRED;


--
-- Name: auth_group_permissions auth_group_permissions_group_id_b120cbf9_fk_auth_group_id; Type: FK CONSTRAINT; Schema: public; Owner: postgres
--

ALTER TABLE ONLY public.auth_group_permissions
    ADD CONSTRAINT auth_group_permissions_group_id_b120cbf9_fk_auth_group_id FOREIGN KEY (group_id) REFERENCES public.auth_group(id) DEFERRABLE INITIALLY DEFERRED;


--
-- Name: auth_permission auth_permission_content_type_id_2f476e4b_fk_django_co; Type: FK CONSTRAINT; Schema: public; Owner: postgres
--

ALTER TABLE ONLY public.auth_permission
    ADD CONSTRAINT auth_permission_content_type_id_2f476e4b_fk_django_co FOREIGN KEY (content_type_id) REFERENCES public.django_content_type(id) DEFERRABLE INITIALLY DEFERRED;


--
-- Name: auth_user_groups auth_user_groups_group_id_97559544_fk_auth_group_id; Type: FK CONSTRAINT; Schema: public; Owner: postgres
--

ALTER TABLE ONLY public.auth_user_groups
    ADD CONSTRAINT auth_user_groups_group_id_97559544_fk_auth_group_id FOREIGN KEY (group_id) REFERENCES public.auth_group(id) DEFERRABLE INITIALLY DEFERRED;


--
-- Name: auth_user_groups auth_user_groups_user_id_6a12ed8b_fk_auth_user_id; Type: FK CONSTRAINT; Schema: public; Owner: postgres
--

ALTER TABLE ONLY public.auth_user_groups
    ADD CONSTRAINT auth_user_groups_user_id_6a12ed8b_fk_auth_user_id FOREIGN KEY (user_id) REFERENCES public.auth_user(id) DEFERRABLE INITIALLY DEFERRED;


--
-- Name: auth_user_user_permissions auth_user_user_permi_permission_id_1fbb5f2c_fk_auth_perm; Type: FK CONSTRAINT; Schema: public; Owner: postgres
--

ALTER TABLE ONLY public.auth_user_user_permissions
    ADD CONSTRAINT auth_user_user_permi_permission_id_1fbb5f2c_fk_auth_perm FOREIGN KEY (permission_id) REFERENCES public.auth_permission(id) DEFERRABLE INITIALLY DEFERRED;


--
-- Name: auth_user_user_permissions auth_user_user_permissions_user_id_a95ead1b_fk_auth_user_id; Type: FK CONSTRAINT; Schema: public; Owner: postgres
--

ALTER TABLE ONLY public.auth_user_user_permissions
    ADD CONSTRAINT auth_user_user_permissions_user_id_a95ead1b_fk_auth_user_id FOREIGN KEY (user_id) REFERENCES public.auth_user(id) DEFERRABLE INITIALLY DEFERRED;


--
-- Name: django_admin_log django_admin_log_content_type_id_c4bce8eb_fk_django_co; Type: FK CONSTRAINT; Schema: public; Owner: postgres
--

ALTER TABLE ONLY public.django_admin_log
    ADD CONSTRAINT django_admin_log_content_type_id_c4bce8eb_fk_django_co FOREIGN KEY (content_type_id) REFERENCES public.django_content_type(id) DEFERRABLE INITIALLY DEFERRED;


--
-- Name: django_admin_log django_admin_log_user_id_c564eba6_fk_auth_user_id; Type: FK CONSTRAINT; Schema: public; Owner: postgres
--

ALTER TABLE ONLY public.django_admin_log
    ADD CONSTRAINT django_admin_log_user_id_c564eba6_fk_auth_user_id FOREIGN KEY (user_id) REFERENCES public.auth_user(id) DEFERRABLE INITIALLY DEFERRED;


--
-- Name: django_fsm_log_statelog django_fsm_log_state_content_type_id_e63b15b9_fk_django_co; Type: FK CONSTRAINT; Schema: public; Owner: postgres
--

ALTER TABLE ONLY public.django_fsm_log_statelog
    ADD CONSTRAINT django_fsm_log_state_content_type_id_e63b15b9_fk_django_co FOREIGN KEY (content_type_id) REFERENCES public.django_content_type(id) DEFERRABLE INITIALLY DEFERRED;


--
-- Name: django_fsm_log_statelog django_fsm_log_statelog_by_id_df6b9a17_fk_auth_user_id; Type: FK CONSTRAINT; Schema: public; Owner: postgres
--

ALTER TABLE ONLY public.django_fsm_log_statelog
    ADD CONSTRAINT django_fsm_log_statelog_by_id_df6b9a17_fk_auth_user_id FOREIGN KEY (by_id) REFERENCES public.auth_user(id) DEFERRABLE INITIALLY DEFERRED;


--
-- Name: fliteracyapp_attachment fliteracyapp_attachm_fl_event_id_1a45054f_fk_fliteracy; Type: FK CONSTRAINT; Schema: public; Owner: postgres
--

ALTER TABLE ONLY public.fliteracyapp_attachment
    ADD CONSTRAINT fliteracyapp_attachm_fl_event_id_1a45054f_fk_fliteracy FOREIGN KEY (fl_event_id) REFERENCES public.fliteracyapp_fl_event(id) DEFERRABLE INITIALLY DEFERRED;


--
-- Name: fliteracyapp_fl_event_rms_involved fliteracyapp_fl_even_fl_event_id_f37ed3a1_fk_fliteracy; Type: FK CONSTRAINT; Schema: public; Owner: postgres
--

ALTER TABLE ONLY public.fliteracyapp_fl_event_rms_involved
    ADD CONSTRAINT fliteracyapp_fl_even_fl_event_id_f37ed3a1_fk_fliteracy FOREIGN KEY (fl_event_id) REFERENCES public.fliteracyapp_fl_event(id) DEFERRABLE INITIALLY DEFERRED;


--
-- Name: fliteracyapp_fl_event_rms_involved fliteracyapp_fl_even_user_id_9983bb44_fk_auth_user; Type: FK CONSTRAINT; Schema: public; Owner: postgres
--

ALTER TABLE ONLY public.fliteracyapp_fl_event_rms_involved
    ADD CONSTRAINT fliteracyapp_fl_even_user_id_9983bb44_fk_auth_user FOREIGN KEY (user_id) REFERENCES public.auth_user(id) DEFERRABLE INITIALLY DEFERRED;


--
-- Name: workflowapp_attachment workflowapp_attachme_engagement_id_51731ed4_fk_workflowa; Type: FK CONSTRAINT; Schema: public; Owner: postgres
--

ALTER TABLE ONLY public.workflowapp_attachment
    ADD CONSTRAINT workflowapp_attachme_engagement_id_51731ed4_fk_workflowa FOREIGN KEY (engagement_id) REFERENCES public.workflowapp_engagement(id) DEFERRABLE INITIALLY DEFERRED;


--
-- Name: workflowapp_attachment workflowapp_attachme_forclosure_id_0a69607e_fk_workflowa; Type: FK CONSTRAINT; Schema: public; Owner: postgres
--

ALTER TABLE ONLY public.workflowapp_attachment
    ADD CONSTRAINT workflowapp_attachme_forclosure_id_0a69607e_fk_workflowa FOREIGN KEY (forclosure_id) REFERENCES public.workflowapp_forclosure(id) DEFERRABLE INITIALLY DEFERRED;


--
-- Name: workflowapp_attachment workflowapp_attachme_generalcase_id_95e53063_fk_workflowa; Type: FK CONSTRAINT; Schema: public; Owner: postgres
--

ALTER TABLE ONLY public.workflowapp_attachment
    ADD CONSTRAINT workflowapp_attachme_generalcase_id_95e53063_fk_workflowa FOREIGN KEY (generalcase_id) REFERENCES public.workflowapp_generalcase(id) DEFERRABLE INITIALLY DEFERRED;


--
-- Name: workflowapp_engagementlog workflowapp_engageme_model_id_f5886abb_fk_workflowa; Type: FK CONSTRAINT; Schema: public; Owner: postgres
--

ALTER TABLE ONLY public.workflowapp_engagementlog
    ADD CONSTRAINT workflowapp_engageme_model_id_f5886abb_fk_workflowa FOREIGN KEY (model_id) REFERENCES public.workflowapp_engagement(id) DEFERRABLE INITIALLY DEFERRED;


--
-- Name: workflowapp_engagement workflowapp_engagement_reviewer_id_662f2866_fk_auth_user_id; Type: FK CONSTRAINT; Schema: public; Owner: postgres
--

ALTER TABLE ONLY public.workflowapp_engagement
    ADD CONSTRAINT workflowapp_engagement_reviewer_id_662f2866_fk_auth_user_id FOREIGN KEY (reviewer_id) REFERENCES public.auth_user(id) DEFERRABLE INITIALLY DEFERRED;


--
-- Name: workflowapp_engagement workflowapp_engagement_user_id_d6e05d25_fk_auth_user_id; Type: FK CONSTRAINT; Schema: public; Owner: postgres
--

ALTER TABLE ONLY public.workflowapp_engagement
    ADD CONSTRAINT workflowapp_engagement_user_id_d6e05d25_fk_auth_user_id FOREIGN KEY (user_id) REFERENCES public.auth_user(id) DEFERRABLE INITIALLY DEFERRED;


--
-- Name: workflowapp_engagementlog workflowapp_engagementlog_user_id_05472322_fk_auth_user_id; Type: FK CONSTRAINT; Schema: public; Owner: postgres
--

ALTER TABLE ONLY public.workflowapp_engagementlog
    ADD CONSTRAINT workflowapp_engagementlog_user_id_05472322_fk_auth_user_id FOREIGN KEY (user_id) REFERENCES public.auth_user(id) DEFERRABLE INITIALLY DEFERRED;


--
-- Name: workflowapp_forclosurelog workflowapp_forclosu_model_id_d1624599_fk_workflowa; Type: FK CONSTRAINT; Schema: public; Owner: postgres
--

ALTER TABLE ONLY public.workflowapp_forclosurelog
    ADD CONSTRAINT workflowapp_forclosu_model_id_d1624599_fk_workflowa FOREIGN KEY (model_id) REFERENCES public.workflowapp_forclosure(id) DEFERRABLE INITIALLY DEFERRED;


--
-- Name: workflowapp_forclosure workflowapp_forclosu_next_action_user_id_84ca2341_fk_auth_user; Type: FK CONSTRAINT; Schema: public; Owner: postgres
--

ALTER TABLE ONLY public.workflowapp_forclosure
    ADD CONSTRAINT workflowapp_forclosu_next_action_user_id_84ca2341_fk_auth_user FOREIGN KEY (next_action_user_id) REFERENCES public.auth_user(id) DEFERRABLE INITIALLY DEFERRED;


--
-- Name: workflowapp_forclosure workflowapp_forclosure_reviewer_id_2b9dab4f_fk_auth_user_id; Type: FK CONSTRAINT; Schema: public; Owner: postgres
--

ALTER TABLE ONLY public.workflowapp_forclosure
    ADD CONSTRAINT workflowapp_forclosure_reviewer_id_2b9dab4f_fk_auth_user_id FOREIGN KEY (reviewer_id) REFERENCES public.auth_user(id) DEFERRABLE INITIALLY DEFERRED;


--
-- Name: workflowapp_forclosure workflowapp_forclosure_user_id_ae70f3c6_fk_auth_user_id; Type: FK CONSTRAINT; Schema: public; Owner: postgres
--

ALTER TABLE ONLY public.workflowapp_forclosure
    ADD CONSTRAINT workflowapp_forclosure_user_id_ae70f3c6_fk_auth_user_id FOREIGN KEY (user_id) REFERENCES public.auth_user(id) DEFERRABLE INITIALLY DEFERRED;


--
-- Name: workflowapp_forclosurelog workflowapp_forclosurelog_user_id_1700a5d5_fk_auth_user_id; Type: FK CONSTRAINT; Schema: public; Owner: postgres
--

ALTER TABLE ONLY public.workflowapp_forclosurelog
    ADD CONSTRAINT workflowapp_forclosurelog_user_id_1700a5d5_fk_auth_user_id FOREIGN KEY (user_id) REFERENCES public.auth_user(id) DEFERRABLE INITIALLY DEFERRED;


--
-- Name: workflowapp_generalcaselog workflowapp_generalc_model_id_2146b592_fk_workflowa; Type: FK CONSTRAINT; Schema: public; Owner: postgres
--

ALTER TABLE ONLY public.workflowapp_generalcaselog
    ADD CONSTRAINT workflowapp_generalc_model_id_2146b592_fk_workflowa FOREIGN KEY (model_id) REFERENCES public.workflowapp_generalcase(id) DEFERRABLE INITIALLY DEFERRED;


--
-- Name: workflowapp_generalcase workflowapp_generalcase_reviewer_id_33ccdffc_fk_auth_user_id; Type: FK CONSTRAINT; Schema: public; Owner: postgres
--

ALTER TABLE ONLY public.workflowapp_generalcase
    ADD CONSTRAINT workflowapp_generalcase_reviewer_id_33ccdffc_fk_auth_user_id FOREIGN KEY (reviewer_id) REFERENCES public.auth_user(id) DEFERRABLE INITIALLY DEFERRED;


--
-- Name: workflowapp_generalcase workflowapp_generalcase_user_id_c6da4c82_fk_auth_user_id; Type: FK CONSTRAINT; Schema: public; Owner: postgres
--

ALTER TABLE ONLY public.workflowapp_generalcase
    ADD CONSTRAINT workflowapp_generalcase_user_id_c6da4c82_fk_auth_user_id FOREIGN KEY (user_id) REFERENCES public.auth_user(id) DEFERRABLE INITIALLY DEFERRED;


--
-- Name: workflowapp_generalcaselog workflowapp_generalcaselog_user_id_bce19583_fk_auth_user_id; Type: FK CONSTRAINT; Schema: public; Owner: postgres
--

ALTER TABLE ONLY public.workflowapp_generalcaselog
    ADD CONSTRAINT workflowapp_generalcaselog_user_id_bce19583_fk_auth_user_id FOREIGN KEY (user_id) REFERENCES public.auth_user(id) DEFERRABLE INITIALLY DEFERRED;


--
-- Name: workflowapp_outbound workflowapp_outbound_served_by_id_aa4757a9_fk_auth_user_id; Type: FK CONSTRAINT; Schema: public; Owner: postgres
--

ALTER TABLE ONLY public.workflowapp_outbound
    ADD CONSTRAINT workflowapp_outbound_served_by_id_aa4757a9_fk_auth_user_id FOREIGN KEY (served_by_id) REFERENCES public.auth_user(id) DEFERRABLE INITIALLY DEFERRED;


--
-- Name: workflowapp_outbound workflowapp_outbound_user_id_c28b53b4_fk_auth_user_id; Type: FK CONSTRAINT; Schema: public; Owner: postgres
--

ALTER TABLE ONLY public.workflowapp_outbound
    ADD CONSTRAINT workflowapp_outbound_user_id_c28b53b4_fk_auth_user_id FOREIGN KEY (user_id) REFERENCES public.auth_user(id) DEFERRABLE INITIALLY DEFERRED;


--
-- PostgreSQL database dump complete
--

